Node,Steady State (No perturb),Steady State (Perturbed (GATA3),SFA_fold_change
A2M,0.9725016146627982,0.4862508073313991,-0.4862508073313991
ABCA1,1.75997974273639,0.8740548329889138,-0.8859249097474761
ABCB1,-0.1737447324553012,-0.1080046101760272,0.065740122279274
ABCG2,1.7712589508708576,0.9514464199971928,-0.8198125308736648
ABI2,1.163706974278162,0.0772349130694399,-1.0864720612087222
ABL1,2.6679222656918875,1.989524381703924,-0.6783978839879634
ACAT1,1.8200868369249288,0.9758603630242284,-0.8442264739007004
ACE,0.5548340130397212,0.3192720433414884,-0.23556196969823284
ACSL1,1.7860344234272654,0.9588341562753968,-0.8272002671518686
ACTA1,0.8458867537060423,0.4598391011731549,-0.38604765253288736
ACTA2,0.5316629641843703,0.0328757118039453,-0.498787252380425
ACTBL2,1.2896102531475289,1.09524971620747,-0.19436053694005895
ACTC1,1.581182500318702,1.2761348516130322,-0.3050476487056697
ACTG2,0.8616315307902745,0.591563639619927,-0.2700678911703476
ACTR3C,1.975879228869748,1.709833437510142,-0.26604579135960593
ACVR1C,1.4230264147999194,0.8868572206211953,-0.5361691941787241
ADAMTS3,1.1019521342472474,0.5509760671236237,-0.5509760671236237
ADH1A,0.1211416596162892,0.133063983239156,0.011922323622866798
ADIPOQ,0.1160359114953013,0.1238349003094149,0.007798988814113589
ADIPOR1,1.920800985584748,1.0542634903419628,-0.8665374952427853
ADIRF,1.769270846302171,1.0988896506392414,-0.6703811956629295
ADM,1.3467748617814106,0.6733874308907053,-0.6733874308907053
ADORA1,1.3258144054756793,0.796214341542341,-0.5296000639333382
ADRA1B,1.0268748587703405,0.5134374293851702,-0.5134374293851702
ADRB2,1.7237219416072675,1.0748233468889064,-0.6488985947183612
AFAP1L2,1.6219826983976475,0.937883643991181,-0.6840990544064666
AFP,-0.642914772430189,-0.5320315150834886,0.11088325734670046
AGER,0.8087469163721623,0.3385565136243164,-0.47019040274784596
AGR2,2.132884821510366,1.2146966003847663,-0.9181882211255998
AGRN,2.411915272976357,1.4980747493051294,-0.9138405236712277
AGTR1,0.1309668183694628,0.2166627351747466,0.0856959168052838
AHRR,0.8454134225403716,0.4227067112701858,-0.4227067112701858
AKAP5,1.4351159958341717,0.9135388358613722,-0.5215771599727995
AKR1B1,2.1792291028165582,1.2546199376807432,-0.924609165135815
AKR1C3,1.5442807569933363,0.8228470604030113,-0.7214336965903251
AKT1,1.783044202738552,0.8546263770491422,-0.9284178256894098
ALCAM,2.1274755528705,1.06373777643525,-1.06373777643525
ALDOB,0.2552540488556524,0.2984141459270388,0.043160097071386405
ALOX5,0.4410897411707486,0.2623999074070019,-0.1786898337637467
ANGPT1,1.662534906085714,1.1360381408684253,-0.5264967652172887
ANGPTL4,1.529370096680913,0.946634062066138,-0.582736034614775
ANK1,1.3320871845926283,0.6660435922963143,-0.666043592296314
ANK3,1.4791861073605272,0.7395930536802636,-0.7395930536802636
ANXA1,2.136632117713383,0.991901019109076,-1.144731098604307
AOX1,1.7951037413218889,1.2450044086036307,-0.5500993327182582
AP1G2,1.623681725761562,0.811840862880781,-0.811840862880781
AP1S3,1.6284929677332964,0.8142464838666482,-0.8142464838666482
APBB1IP,1.58560523141136,0.79280261570568,-0.79280261570568
APOA5,0.2552540488556524,0.2984141459270386,0.04316009707138618
APOB,-0.1160359114953013,-0.123834900309415,-0.0077989888141137
APOBEC3G,1.4922358840081456,0.7461179420040728,-0.7461179420040728
APOBR,0.145058899596336,0.0067125052364036,-0.1383463943599324
APOC3,0.3613707620253756,0.4392016195171233,0.07783085749174767
AQP3,1.7533316603015758,1.029956605471137,-0.7233750548304387
AQP5,2.144616251489189,1.5872864284801662,-0.5573298230090229
AR,1.0260349202831176,0.6040090386680964,-0.4220258816150212
ARG1,0.0626750580505772,0.0682332533454223,0.005558195294845095
ARG2,1.532014522557922,0.8029029855990949,-0.7291115369588271
ARHGAP24,1.1506682677000115,0.6608124537125665,-0.48985581398744504
ARHGAP31,1.6329891775262002,0.8164945887631001,-0.8164945887631001
ARHGAP32,1.7544851405944475,0.8772425702972237,-0.8772425702972237
ARHGDIB,1.5835171006607234,0.7917585503303617,-0.7917585503303617
ARHGEF16,0.8609408640611753,0.4304704320305876,-0.4304704320305877
ARHGEF4,1.0142928506427349,0.5071464253213673,-0.5071464253213676
ARHGEF5,1.1465236088703543,0.5732618044351772,-0.5732618044351772
ARHGEF6,1.7968982670844518,1.7526950904790517,-0.044203176605400074
ARNTL,0.952212464045033,0.1705881903977704,-0.7816242736472626
ASAH1,1.6567662189704018,0.8283831094852009,-0.8283831094852009
ASS1,1.0485215609557714,0.6328665820529078,-0.4156549789028636
ATF1,2.036172984513587,1.4379949367962397,-0.5981780477173475
ATF2,1.4091112289794068,0.5560238217046415,-0.8530874072747653
ATF3,1.1844183929004997,0.561898653155911,-0.6225197397445886
ATOH8,0.5433757924782513,0.4488672927066717,-0.0945084997715796
ATP1A3,1.3560586585349914,1.0640219959443151,-0.2920366625906763
ATP1B1,2.5250264568204006,1.7329989765208902,-0.7920274802995104
ATP2B4,2.182164905063252,1.3736467490598407,-0.8085181560034114
ATP6AP1,1.8618808961220903,0.9309404480610451,-0.9309404480610451
ATP6V0A4,1.7506807211671411,1.1080754725988318,-0.6426052485683094
ATP6V0D2,1.894950323993595,1.3890626060727074,-0.5058877179208876
ATP6V0E1,3.0654720935298734,2.294278519802191,-0.7711935737276825
ATP8B1,1.818680027450765,0.994818333587943,-0.823861693862822
AXIN2,1.5225805573338835,1.120980116964696,-0.4016004403691875
B3GNT3,1.1806125341199083,0.5903062670599541,-0.5903062670599541
B3GNT7,1.0117526416953055,0.5058763208476528,-0.5058763208476528
B4GALT4,1.328382073124928,0.664191036562464,-0.664191036562464
BABAM2,-0.1704278075130002,-0.1915391382719131,-0.02111133075891289
BAD,1.7831969289438867,1.0431659101886583,-0.7400310187552284
BAK1,2.291495937636456,1.6183343256826053,-0.6731616119538506
BAMBI,1.5417920512080283,0.9772785368867132,-0.5645135143213151
BATF3,1.300369286917494,0.9543994674796056,-0.3459698194378885
BAX,1.7104746716040555,0.9099962719726308,-0.8004783996314248
BCAR1,1.8303806007691044,0.9570453372061803,-0.873335263562924
BCHE,0.7301096084889256,0.5323970304464634,-0.19771257804246223
BCL11A,0.8457912836571106,0.591013234026355,-0.2547780496307557
BCL2,1.3369518045640458,0.65209037017943,-0.6848614343846159
BCL2L1,1.976988914513208,0.92267751269484,-1.0543114018183681
BCL2L11,1.5148392915560278,0.9236659924376344,-0.5911732991183934
BCL6,1.1516840213087438,0.3422943926200127,-0.8093896286887311
BECN1,1.797530451471256,0.9842435455981886,-0.8132869058730674
BEND3,1.2948211490934245,0.7199037279777232,-0.5749174211157013
BEX2,1.2236611802148278,0.6973089099699745,-0.5263522702448533
BGLAP,-0.1043275151217362,-0.2006955503459301,-0.09636803522419389
BHLHE40,2.186496171335336,1.3145463398309054,-0.8719498315044307
BID,1.9450082247173883,1.33667607054019,-0.6083321541771982
BIRC3,1.989884253518612,1.3191554738585674,-0.6707287796600447
BIRC5,1.9620330694226933,1.1581959311788923,-0.803837138243801
BMI1,0.9110126859610072,0.564112144555526,-0.3469005414054811
BMP1,1.1959209531325916,0.426044854955563,-0.7698760981770286
BMP2,0.7623286239799943,0.1482085417017574,-0.6141200822782369
BMP5,0.7468114276085961,0.1175467639705713,-0.6292646636380248
BMP6,0.1561909565583932,-0.1777634715545301,-0.3339544281129233
BMPR1B,0.9609124700965544,0.4003480249106713,-0.5605644451858831
BNIP3L,1.4008514042645817,0.5089377795291128,-0.8919136247354689
BRCA1,1.566393632679717,0.8673416033299873,-0.6990520293497297
BRD7,1.2909125851882164,0.5368504910190861,-0.7540620941691303
BRIP1,1.7285266842038605,0.9728691436769524,-0.755657540526908
BRS3,0.1160359114953013,0.1238349003094149,0.007798988814113589
BTG1,1.6940550744002616,0.8101318128799969,-0.8839232615202647
BTG2,0.7254066708606534,0.3878745189474352,-0.33753215191321817
C3AR1,0.8366670128795821,0.3419184666921754,-0.4947485461874067
CABIN1,1.2996539613286635,0.5168194779754353,-0.7828344833532282
CACNA2D1,1.1783262088431845,0.4878659887159772,-0.6904602201272073
CACNB4,0.8691678199282973,0.3332867942585328,-0.5358810256697645
CACNG4,0.5069821181414069,0.2799575380222199,-0.22702458011918702
CACNG6,0.701570909919091,0.2494883392539294,-0.45208257066516155
CACNG7,1.3690783539331617,0.5832420612609657,-0.785836292672196
CACNG8,1.0686954254932393,0.5608141916981361,-0.5078812337951032
CALCR,0.6277569867925603,0.5786067665560317,-0.0491502202365286
CALD1,1.9338003019864345,1.1154319437782791,-0.8183683582081553
CAMK1D,1.0079753284134183,0.5039876642067092,-0.5039876642067092
CAMK2D,2.4010520081243287,1.7961940492811308,-0.6048579588431979
CAMSAP3,1.7977690431605635,1.3773581628947045,-0.42041088026585904
CARD11,1.9914895715776515,1.3312558902445235,-0.660233681333128
CASK,1.7199842362419264,0.8599921181209632,-0.8599921181209632
CASP3,1.875384623471734,1.0636494590949908,-0.8117351643767432
CAV1,3.133496303392233,2.4167812909763726,-0.7167150124158606
CBL,2.293280612788737,1.3406342445506032,-0.9526463682381336
CBLB,1.389477218329999,0.6947386091649995,-0.6947386091649995
CBX5,1.987195199745593,1.2079466918756103,-0.7792485078699827
CCK,0.1139740985097897,0.1424653691174553,0.028491270607665597
CCL2,-0.7815374536398167,-0.6505080042637712,0.13102944937604555
CCL26,0.938880248676208,0.469440124338104,-0.469440124338104
CCNA1,1.1772305101461231,0.4353244797527127,-0.7419060303934104
CCNA2,1.4325597098132137,0.4921981661042165,-0.9403615437089972
CCND1,2.066355805287026,1.0218173749146524,-1.0445384303723737
CCND2,1.7185186056514634,1.193438229050126,-0.5250803766013374
CCND3,2.327378677826133,1.5444301975413754,-0.7829484802847575
CCNE1,1.0583912523108556,0.4323247542838103,-0.6260664980270454
CCR1,1.1450479406056775,0.6675791186055547,-0.47746882200012275
CCR5,0.4215359212152954,0.3759986397137805,-0.04553728150151487
CCR6,0.401763093458198,0.3338890494179951,-0.06787404404020292
CD14,1.0207885961303418,0.4771581000898665,-0.5436304960404753
CD177,0.9473716995079964,0.4736858497539982,-0.4736858497539982
CD180,0.7138528935656947,0.3569264467828473,-0.3569264467828474
CD1D,-0.435194915085578,-0.3748207791834906,0.0603741359020874
CD24,0.9369231160046492,0.4684615580023246,-0.4684615580023246
CD274,1.835546342045432,1.0736509081647967,-0.7618954338806354
CD33,-0.2238885242945796,-0.2205500637223121,0.0033384605722674987
CD36,-0.1057303823443607,0.012951753389584,0.1186821357339447
CD38,0.2925140187332082,0.2548628109416264,-0.03765120779158182
CD3G,-0.3996795122917016,-0.3348058462216496,0.06487366607005202
CD40,1.5991650275774068,1.0871347262351734,-0.5120303013422334
CD40LG,0.0112335893560188,0.1033014034579482,0.0920678141019294
CD44,3.645131344297845,2.784759564317728,-0.8603717799801172
CD59,2.575141302257608,1.4877660297292838,-1.0873752725283243
CD74,2.714384443001414,2.153267452206079,-0.5611169907953353
CD82,1.6110176866221186,0.89098716317362,-0.7200305234484986
CD83,1.491536701540784,0.811585295332156,-0.6799514062086282
CD8A,1.1844344155633535,0.6899018165616153,-0.4945325990017382
CDC25A,1.7795526325359432,0.978043382656629,-0.8015092498793142
CDC25C,1.5548800489216463,0.8860458260358453,-0.6688342228858011
CDC34,1.7591126012725264,0.9881621022112854,-0.770950499061241
CDC6,1.8726915788295804,0.9732415137349242,-0.8994500650946562
CDH1,0.9071488829729912,0.43544288118259,-0.47170600179040123
CDH11,1.6970778611211357,1.052851659749308,-0.6442262013718276
CDH19,1.6326454722066308,1.092747880580804,-0.5398975916258268
CDH2,0.7816422041979271,0.4277168264190969,-0.35392537777883015
CDH3,0.4973360704001688,0.1509834264201458,-0.34635264398002297
CDH4,2.0114951098345784,1.3622645084721146,-0.6492306013624638
CDK1,1.5832107466226863,0.5814162542493577,-1.0017944923733286
CDK20,1.0212703118129385,0.5475308802266032,-0.47373943158633525
CDK4,1.853189506967171,0.9670799544916624,-0.8861095524755087
CDK5R1,1.277315269130192,0.6805126713867238,-0.5968025977434683
CDK6,1.6865532997577828,0.8150447107486783,-0.8715085890091044
CDKN1A,1.7779938143833518,0.9245701472869102,-0.8534236670964416
CDKN1B,1.755138225994523,1.0191235694041705,-0.7360146565903525
CDKN1C,1.6022450101944723,1.2469611002447851,-0.35528390994968717
CDKN2B,-0.2783453962074497,-0.3493618171657106,-0.07101642095826088
CDON,1.5548816941110577,0.796705354559425,-0.7581763395516327
CDX2,0.2330004122511448,0.214184814905511,-0.01881559734563379
CEACAM1,1.211747248286925,0.8388293944317027,-0.37291785385522225
CEBPA,0.0704295467784427,-0.0733910281858009,-0.1438205749642436
CELF2,1.2938013668741104,0.739351228422237,-0.5544501384518734
CELSR1,1.9640749407830056,1.4318485998129793,-0.5322263409700263
CETP,0.8781103328618819,0.665647041669962,-0.21246329119191987
CFLAR,1.5311841123100018,0.6512200504601111,-0.8799640618498907
CFTR,-0.1798906511719464,-0.0479297168621406,0.1319609343098058
CGA,0.3829044248431199,0.0660070630459288,-0.3168973617971911
CGN,1.296646456795024,0.648323228397512,-0.648323228397512
CHEK1,1.8574861693161864,1.0373488862331166,-0.8201372830830698
CHEK2,1.3348840567795428,0.7760478299647935,-0.5588362268147493
CHGA,-0.1421772557891239,-0.0292335910729342,0.1129436647161897
CHML,2.9475762158797143,2.115607972169504,-0.8319682437102105
CHPF,1.5782310883763029,0.7891155441881514,-0.7891155441881514
CHRDL1,1.979577427380069,1.0605609145022794,-0.9190165128777896
CHST11,1.788993821662534,0.894496910831267,-0.894496910831267
CHST2,1.2017206422507545,0.6008603211253772,-0.6008603211253772
CHST4,0.517279953084469,0.3563245853221733,-0.16095536776229563
CIITA,1.2272888478757136,0.7696924315342886,-0.457596416341425
CITED2,1.7008499704851348,0.8563600236218485,-0.8444899468632863
CLDN1,1.0857711541822874,0.5428855770911437,-0.5428855770911437
CLDN2,1.1462166469519923,0.7303316451166978,-0.41588500183529453
CLDN4,1.6630630810990163,0.8315315405495082,-0.8315315405495082
CLEC4C,0.1117786975137381,0.1189676255634122,0.007188928049674095
CLIC5,1.7157395319364552,0.9771292151366898,-0.7386103167997654
CLK3,1.4320111450115354,0.6791098481856339,-0.7529012968259015
CLU,1.8862856167377795,1.162249148937768,-0.7240364678000115
CNTN1,1.259453793712053,0.7197651768386613,-0.5396886168733916
CNTNAP2,-0.0925542578343072,-0.0779176149559542,0.014636642878352993
COL11A2,1.0507088015343389,0.8123832614127693,-0.2383255401215696
COL12A1,2.602309912810321,1.7083818984939811,-0.89392801431634
COL17A1,1.5452889532178835,1.0809513849628694,-0.46433756825501415
COL1A1,1.2002025430138,0.5118114944893719,-0.688391048524428
COL1A2,0.6269523457369293,0.2038973471208116,-0.4230549986161177
COL27A1,1.625929293659078,1.15659065872531,-0.4693386349337678
COL3A1,1.4112925471059197,1.0975111272734617,-0.313781419832458
COL4A3,1.0208956362172328,0.8187547264625432,-0.20214090975468957
COL4A4,1.4430408906173986,1.0354808642132896,-0.40756002640410904
COL4A5,2.044727708000763,1.3577532229735954,-0.6869744850271675
COL4A6,1.6069934326588349,1.176882722104304,-0.430110710554531
COL5A1,2.342753841890346,1.5150029328409431,-0.8277509090494028
COL6A2,1.3433479288383374,0.9799808727730958,-0.36336705606524167
COL6A3,2.233580386927749,1.4943910504816036,-0.7391893364461453
COL8A1,1.8433276388472624,1.2299707277775591,-0.6133569110697032
CPT1B,0.7223595516167075,0.4730917909083704,-0.24926776070833712
CRABP2,1.3297738208006291,0.8334940280249064,-0.49627979277572276
CRADD,1.680735365711325,1.0233016329058964,-0.6574337328054287
CRB3,0.7382760324394141,0.369138016219707,-0.3691380162197071
CREB3L1,2.630131235685901,2.0653032087094068,-0.5648280269764943
CREM,1.5699895930300252,0.8704731163775731,-0.6995164766524521
CRH,-0.1729839737916811,-0.1233877112159744,0.04959626257570669
CRY1,1.7840197272971698,0.926831032200192,-0.8571886950969778
CRY2,1.415492395680456,0.7425673663918342,-0.6729250292886217
CSF1,2.0106078018251563,1.141983656980087,-0.8686241448450693
CSF3,1.5874768044407763,1.151323430112415,-0.43615337432836143
CSPG4,1.867251224001095,1.4689935950413078,-0.3982576289597872
CTGF,1.9711962962350464,0.9001198282549627,-1.0710764679800837
CTNNB1,2.0816052510180456,1.0776983498291572,-1.0039069011888884
CTSC,1.830795182089524,0.915397591044762,-0.915397591044762
CTSL,1.768719499451157,0.969838069588139,-0.798881429863018
CTSS,1.0099142991454222,0.5049571495727111,-0.5049571495727111
CXADR,0.7716544890355714,0.1352377552709716,-0.6364167337645998
CXCL1,0.9584079709847968,0.3815193767124595,-0.5768885942723373
CXCL12,0.320754769756035,0.353368165107809,0.03261339535177399
CXCL16,0.7498527519369093,0.298511336220839,-0.4513414157160703
CXCL8,-0.5318885949376952,-0.5166286399620461,0.015259954975649137
CXCR4,1.2550215826856366,0.7417856373290771,-0.5132359453565595
CYB561,1.8133732487458891,1.015292425947967,-0.7980808227979221
CYBB,0.6915086626282575,0.2166779495013505,-0.474830713126907
CYFIP2,1.3526983773538035,0.532631573770405,-0.8200668035833985
CYLD,1.3821771734629702,0.5338652650907832,-0.848311908372187
CYP11A1,0.8877847996571677,0.5549114687072981,-0.3328733309498696
CYP17A1,-0.1986247691423714,-0.2373939332759826,-0.0387691641336112
CYP19A1,0.0755386562282463,0.0823548663949864,0.006816210166740097
CYP1A1,0.6618975552429905,0.1195954219864023,-0.5423021332565883
CYP27B1,0.3712521853878102,-0.0851353470494994,-0.45638753243730956
CYP2B6,0.0795895671060016,0.0816498203746284,0.0020602532686267994
CYP2C18,0.6207350251674765,0.3103675125837382,-0.3103675125837383
CYP2E1,0.8851429103699503,0.5775375452607738,-0.30760536510917647
CYP7A1,-0.2227782146783708,-0.1260337814968405,0.09674443318153031
CYP7B1,-0.284441880945703,-0.1791166647929852,0.10532521615271781
DAAM1,1.6125568872900804,0.8062784436450402,-0.8062784436450402
DAB2,1.8687929609732112,1.0454155493653208,-0.8233774116078905
DAB2IP,2.4387974548506293,1.7473440572379006,-0.6914533976127286
DACH1,1.2007280458463907,0.6003640229231954,-0.6003640229231954
DAG1,3.352105865737364,2.7527251381364874,-0.5993807276008765
DCDC2,0.3393111581408419,-0.2425838527953893,-0.5818950109362312
DCN,-0.480503338507912,-0.3257299891165166,0.15477334939139537
DDAH1,2.038816681018012,1.1048866603715666,-0.9339300206464454
DDIT3,1.2630773438798275,0.5648200091276943,-0.6982573347521333
DENND1B,1.495633246404994,0.747816623202497,-0.747816623202497
DENND2A,0.8784649206347385,0.4392324603173692,-0.4392324603173693
DES,-0.6683892447792253,-0.5575060872600036,0.11088315751922173
DKK1,2.268173310074121,1.247359189130108,-1.0208141209440131
DMBT1,2.4843341476247094,1.888095941520851,-0.5962382061038585
DMD,1.8148091934713573,1.606777763176613,-0.20803143029474436
DNAJC6,2.1362327195537407,1.389006843430972,-0.7472258761227688
DNM1,0.0455871330280761,-1.0276129051546024,-1.0732000381826785
DOCK2,1.2958838256505083,0.6479419128252543,-0.647941912825254
DPF3,1.1502352936224722,0.5751176468112361,-0.5751176468112361
DPYSL2,2.7538237531097645,2.1156987632056388,-0.6381249899041257
DPYSL3,1.6323730007312152,1.498733872119257,-0.13363912861195826
DR1,1.4884593924955811,0.6250369035850385,-0.8634224889105426
DSCAM,0.7222017814233668,0.3611008907116834,-0.3611008907116834
DSG2,1.883374595842419,0.9416872979212096,-0.9416872979212094
DSG4,-0.2134287145633216,-0.2639376789223625,-0.05050896435904087
DYSF,2.1816193038843625,1.4414996203811186,-0.740119683503244
E2F1,1.4917385239091887,0.663147505165138,-0.8285910187440507
EAPP,1.516972706941242,0.8003413902922488,-0.7166313166489932
EBNA1BP2,2.059074727508254,1.1381431653291496,-0.9209315621791043
ECM1,1.874546830348993,1.08258586826672,-0.791960962082273
EDN1,1.907064684582583,1.3810030182600712,-0.5260616663225117
EDN2,0.9938223704585526,0.4969111852292763,-0.4969111852292763
EDNRB,1.5186126190766798,0.9722686856236122,-0.5463439334530675
EEF1A2,1.4480683548683198,0.7240341774341599,-0.7240341774341599
EFEMP1,1.84907522912194,0.92453761456097,-0.92453761456097
EFNA1,1.3691344991537806,0.8697046314934291,-0.49942986766035147
EGFL7,1.34852522471934,0.7467557657906814,-0.6017694589286586
EGFR,2.13552739795802,1.1712577078642898,-0.9642696900937302
EGR1,1.4589008631680789,0.7672154978010912,-0.6916853653669877
EHF,2.0003045334484493,1.1659891909792155,-0.8343153424692338
ELANE,0.2134287145633216,0.2639376789223625,0.05050896435904087
ELK1,1.4782993243406466,0.5906178693852614,-0.8876814549553852
ENAH,2.308977430256576,1.4278433194130309,-0.8811341108435453
ENTPD3,1.6907254161834917,0.9308410279543062,-0.7598843882291855
EP300,1.8333851410872977,0.9723777677705896,-0.8610073733167081
EPB41L1,2.192212578204653,1.527303102666803,-0.6649094755378502
EPCAM,1.1984324600950924,0.4860049277376733,-0.7124275323574192
EPHA10,1.0419908812393448,0.6521083470332186,-0.3898825342061262
EPHA5,1.5620968704784313,1.036786347223616,-0.5253105232548152
EPHB2,1.995708768703816,1.271139053604725,-0.7245697150990911
EPHX1,1.877709817946452,0.9963111229079892,-0.8813986950384628
EPN3,0.5546905404595291,0.2773452702297646,-0.2773452702297646
EPO,-0.3470301614231977,-0.2938489303781136,0.0531812310450841
EPOR,1.671233659676762,1.084091741574479,-0.587141918102283
ERBB2,1.5392245026400986,0.6888015416008533,-0.8504229610392453
ERBB3,2.6935380184589226,2.410420295133434,-0.2831177233254887
ERBB4,2.4602305182269357,2.3178631723961862,-0.1423673458307495
EREG,1.800934816349257,1.1698133013281031,-0.6311215150211538
ERG,0.0956621265039479,0.2181394360121963,0.1224773095082484
ERO1A,0.1160359114953013,0.1238349003094149,0.007798988814113589
ERP44,1.516167989223189,0.6922670500498306,-0.8239009391733584
ERVW-1,0.2504162605209163,0.2455419799269727,-0.004874280593943625
ESR1,-0.0881677352707998,0.124523249989192,0.2126909852599918
ETS1,2.0434389793577967,1.0725989746699929,-0.9708400046878038
ETV1,1.8190446281930608,0.9464180384166644,-0.8726265897763964
ETV4,1.8689138001083885,1.1710300237003817,-0.6978837764080068
EYA3,1.6021698571610568,0.86776301308425,-0.7344068440768068
EZR,2.100698230002973,1.1358274348640476,-0.9648707951389255
F11R,2.4255683896073776,1.742286354171133,-0.6832820354362446
F2R,1.8962569282354609,1.0218104434413462,-0.8744464847941147
F2RL1,2.11828366750066,1.2334546888826805,-0.8848289786179795
F2RL2,1.6504748795663944,1.3152400191120406,-0.3352348604543538
F2RL3,1.638350867548275,1.279955292952397,-0.358395574595878
FABP4,-0.0358368576662503,0.0949923410532881,0.1308291987195384
FABP5,0.721123186760239,0.2598976287570055,-0.4612255580032335
FAP,-0.00068455138681,0.0415127611282226,0.0421973125150326
FAS,0.9583655111398764,0.3530097042023654,-0.6053558069375111
FASLG,0.5301720725663635,0.3884215428696831,-0.14175052969668034
FAXDC2,0.9986133660316012,0.571799836446812,-0.42681352958478924
FBLIM1,1.496547684875675,0.7482738424378375,-0.7482738424378375
FBLN1,0.9666927015302664,0.4833463507651332,-0.4833463507651332
FBN1,1.9639053032219127,1.116446290784636,-0.8474590124372767
FBXO2,2.1756408572810524,2.1303830447156624,-0.045257812565389965
FBXO27,2.7036788759386114,2.3704003259236446,-0.33327855001496687
FBXO44,2.2798109217018574,2.177733073997847,-0.10207784770401052
FBXO6,1.9294808410429067,2.0184921282437798,0.08901128720087303
FCER1A,0.1211416596162892,0.133063983239156,0.011922323622866798
FCER2,-0.0795895671060016,-0.0816498203746284,-0.0020602532686267994
FGD4,1.217864057200177,0.6089320286000885,-0.6089320286000885
FGF19,0.264060417781362,0.3984821306755065,0.13442171289414445
FGF2,-0.1649753570039613,0.0394706329595735,0.2044459899635348
FGF20,1.3802902153302654,1.1668341999089349,-0.21345601542133052
FGF5,1.8943830206449372,1.4050481372559434,-0.4893348833889939
FGFR2,1.9360720916660292,1.9273330634273425,-0.008739028238686775
FKBP5,1.5853870595271302,0.7926935297635651,-0.7926935297635651
FLG,2.159154241653709,1.4698244239792098,-0.6893298176744993
FLI1,0.9959559842988176,0.5963869182391844,-0.39956906605963316
FLNB,3.372671842629904,2.3823286402095643,-0.9903432024203398
FLNC,2.542321478300719,1.6742948727295406,-0.8680266055711783
FLT1,1.729536001101796,1.764722089629863,0.03518608852806704
FMNL1,1.7307936204375516,0.8653968102187758,-0.8653968102187758
FN1,3.512606651413241,2.611535959099246,-0.9010706923139948
FOLR1,1.316741112619789,0.8585659349103743,-0.45817517770941474
FOS,0.6265162165292264,0.0495011906081431,-0.5770150259210833
FOSL1,1.9798676765477603,1.0754121581364406,-0.9044555184113197
FOXA2,1.54646661084499,0.9197513750770104,-0.6267152357679796
FOXC1,1.26117690469918,0.532903843569651,-0.728273061129529
FOXC2,-0.3284430176608116,-0.2619061176103447,0.06653690005046686
FOXF1,0.2600978090855836,0.3922103230983575,0.1321125140127739
FOXF2,1.1355696859779134,0.5677848429889567,-0.5677848429889567
FOXM1,2.0396935489110533,1.1437911989345366,-0.8959023499765166
FOXO1,1.3139880593803357,0.8395361723711082,-0.47445188700922747
FOXO3,1.3367967691264655,0.5528027423431748,-0.7839940267832907
FOXO4,0.7809960816547874,0.0099462092743106,-0.7710498723804768
FOXP2,0.9644132680013896,0.4822066340006947,-0.4822066340006949
FOXP3,0.2582157728098083,0.3206057047144072,0.062389931904598905
FOXQ1,1.5036894574714732,0.7518447287357366,-0.7518447287357366
FSHB,-0.1469083311198729,-0.1673171631095253,-0.020408831989652404
FST,2.006255606397046,1.3122793878530512,-0.6939762185439946
FTH1,1.681674303065535,0.6875463762124182,-0.9941279268531168
FTH1P18,-0.1436144058017681,-0.1804130044759063,-0.036798598674138205
FURIN,1.863598530749188,0.9317992653745938,-0.9317992653745942
FUT3,0.3416511360368727,0.2794313695934588,-0.06221976644341387
FZD1,1.2452196044043993,0.4986367050591831,-0.7465828993452162
FZD3,1.3040165629814395,0.7042399441946444,-0.5997766187867951
FZD5,1.5352638086447776,0.9270480344836932,-0.6082157741610844
FZD8,1.4441403501140702,0.8775561394916908,-0.5665842106223794
GABARAPL1,1.9493029814795777,1.1682570976918774,-0.7810458837877003
GABRE,1.7413490081304157,1.2837157620388286,-0.45763324609158706
GAD1,1.2143997766990144,0.6071998883495072,-0.6071998883495072
GADD45B,1.703596068287091,1.054550608655937,-0.6490454596311539
GAS8,1.795403623410998,1.075850544788794,-0.719553078622204
GATA1,0.0513140362861326,0.0433039810532434,-0.008010055232889196
GATA2,1.7132017799774135,1.0252080076132988,-0.6879937723641147
GATA3,2.465844584768228,1.0337967270014192,-1.432047857766809
GATA4,-0.1186378132676913,-0.1472476127512967,-0.028609799483605397
GATA6,0.9838921782087336,0.3784818845976819,-0.6054102936110517
GCKR,1.6733034452166695,1.4173406098330643,-0.2559628353836052
GDF15,1.6685998877392083,0.9891806769617304,-0.6794192107774779
GFI1,1.4102687096109054,0.937945140732152,-0.4723235688787535
GFI1B,0.6516375157773541,0.6516375157773541,0.0
GFRA1,0.7132291961185346,0.3566145980592673,-0.3566145980592673
GIPR,0.9121497306554897,0.4725766310892273,-0.43957309956626234
GJA1,0.1139740985097897,0.1424653691174552,0.028491270607665486
GK,0.8783184350125205,0.5049761620680249,-0.3733422729444956
GLCE,1.6617428818103004,0.8308714409051502,-0.8308714409051502
GLI2,2.014708965947004,2.030693616167639,0.01598465022063511
GLS2,0.890436162679423,0.5538238829147338,-0.3366122797646892
GNA15,3.3945840094471698,2.6366947930320195,-0.7578892164151503
GNRH1,0.9520729021128184,0.4788110638784023,-0.4732618382344161
GP6,0.1802593036611132,0.1568077363342779,-0.023451567326835315
GP9,0.1113512641744935,0.122353716590968,0.011002452416474504
GPC1,2.1591557229772027,1.4995971922540166,-0.6595585307231862
GPC6,1.6860654998210205,1.115326709947836,-0.5707387898731846
GPER1,1.167494893439428,0.5073324069720984,-0.6601624864673297
GPR17,0.8517395763208857,0.6048892913792894,-0.24685028494159633
GPR37,0.7841930038189431,0.3156814621618559,-0.4685115416570872
GPR68,1.4914775625203185,1.0753256303891618,-0.41615193213115664
GPRC5A,2.1997686340147764,1.248416109792451,-0.9513525242223253
GPSM3,1.4007108155060315,0.7003554077530157,-0.7003554077530157
GPX1,2.0256059424581667,1.1814100888536756,-0.8441958536044911
GRB14,0.973727371967073,0.6581278796559673,-0.31559949231110573
GRB7,1.606222952649404,1.1900308292672344,-0.4161921233821697
GRHL2,0.811090152988775,0.4189520594591162,-0.3921380935296588
GRIK4,1.057601094518307,0.5288005472591535,-0.5288005472591535
GRIN2A,1.5885992306970746,1.3248652488784245,-0.26373398181865015
GRIP1,1.490742573359255,1.246059479099372,-0.244683094259883
GSN,2.577704191125622,1.887257210009167,-0.6904469811164553
GSTM1,1.6521609713255905,1.0187257246432575,-0.633435246682333
GSTM2,1.5397530043698662,0.9625217411653958,-0.5772312632044704
GSTM3,2.162256834399152,1.2737736561800397,-0.8884831782191125
GSTM4,1.9680851842609943,1.1766878311109603,-0.791397353150034
GSTP1,1.9822327975722531,1.1837616377665905,-0.7984711598056626
GYPA,-0.2054513917267676,-0.233345757154808,-0.027894365428040385
H2AFX,1.4314042495223882,0.4535407062056274,-0.9778635433167608
HBE1,0.5508861808477931,0.3854915067345639,-0.16539467411322917
HCAR1,1.4396637503322025,0.8495966833375495,-0.5900670669946531
HDAC2,1.9838228339800803,1.100517218565063,-0.8833056154150174
HDAC8,1.9311529272383725,1.2357251940079528,-0.6954277332304197
HECA,1.22799006607572,0.44410720303365,-0.78388286304207
HES2,1.5687231102273675,1.4198429205776923,-0.1488801896496752
HES7,1.4550981760521595,1.3321723207183975,-0.12292585533376199
HEY1,1.9694261149645107,1.473341656379635,-0.4960844585848756
HHIP,1.69303582078478,0.84651791039239,-0.84651791039239
HIF1A,1.828041120815049,0.8259704869249789,-1.0020706338900702
HIP1,2.2035237079657555,1.5417446435901347,-0.6617790643756207
HIP1R,2.364541352285886,1.6155694891339556,-0.7489718631519302
HIPK2,1.6301515405690812,0.8150757702845406,-0.8150757702845406
HKDC1,1.5551665507668857,0.8861890769584648,-0.6689774738084209
HLA-A,2.5772537272838263,1.581134998598451,-0.9961187286853752
HLA-B,2.5638373755734767,1.640635819080697,-0.9232015564927796
HLA-C,2.062080877280972,1.1702666374489274,-0.8918142398320443
HLA-DMA,2.3217943576595506,1.984622487449916,-0.33717187020963446
HLA-DMB,1.411590971718213,1.0334321212592437,-0.37815885045896924
HLA-DOA,0.9090692442345812,0.8348055033098154,-0.07426374092476584
HLA-DOB,0.8072090080210754,0.4918942810280658,-0.3153147269930096
HLA-DPA1,2.257571511425499,2.094897068307165,-0.162674443118334
HLA-DPB1,2.147772155449403,2.0426369261005504,-0.10513522934885255
HLA-DRA,2.625065160745476,2.292977821028196,-0.33208733971727966
HLA-DRB1,2.413213593762544,2.1902775906741883,-0.2229360030883556
HLA-DRB5,2.1391658568456124,2.038540669024101,-0.10062518782151164
HLA-E,2.0700747549481813,1.1436431790491135,-0.9264315758990678
HLA-F,1.924268234634932,1.4647955208747998,-0.4594727137601322
HLA-G,2.1305586647731696,1.7078665174982204,-0.4226921472749492
HMGA1,1.7413988308256196,0.636502867598179,-1.1048959632274407
HMGA2,1.8120601467298303,0.994297139753573,-0.8177630069762573
HMGB2,1.843109225126892,0.921554612563446,-0.921554612563446
HMOX1,1.317395760587867,0.6955936046140673,-0.6218021559737997
HNRNPA1,1.5018623106344968,0.8595369568922706,-0.6423253537422262
HNRNPA2B1,2.424395293000591,1.320803448075318,-1.103591844925273
HOXB1,0.2961696677949565,0.2882801675397594,-0.007889500255197135
HPGD,0.9066795914619652,0.438222047457562,-0.4684575440044032
HPSE,1.4652597968478858,0.7744849352455706,-0.6907748616023152
HRAS,1.430798439239632,0.6184305898829574,-0.8123678493566746
HS3ST5,0.9466028988911342,0.4733014494455671,-0.4733014494455671
HSD11B2,0.6044498664285075,0.260369896392626,-0.34407997003588153
HSD17B1,0.3075012151574359,0.0560659987987791,-0.2514352163586568
HSD17B3,0.8918646113984081,0.4624340714606865,-0.4294305399377216
HSD3B1,1.4915218381879145,0.7622626848554398,-0.7292591533324747
HSD3B2,0.1704278075130002,0.1915391382719133,0.021111330758913083
HSPG2,2.2445174766006946,1.474214421222125,-0.7703030553785695
HTR1D,1.6155889308778946,0.937559273610395,-0.6780296572674995
HYAL1,0.4077180548217051,0.2457140642324803,-0.1620039905892248
ICAM1,2.1795978937066223,1.4997335760706028,-0.6798643176360195
ID1,1.8163415367569689,1.3472713734390829,-0.469070163317886
ID2,0.6636344513060348,0.3984953101567388,-0.26513914114929604
IFI27,1.741751547304253,0.9840870759619994,-0.7576644713422537
IFITM5,0.2600978090855835,0.392210323098358,0.13211251401277452
IFNA1,0.0370557247926348,0.0110351861319893,-0.026020538660645503
IFNAR2,2.170258416659162,1.6303933642749855,-0.5398650523841764
IFNG,0.1139740985097897,0.1424653691174553,0.028491270607665597
IFNGR2,2.527134120134578,1.9143083715478748,-0.6128257485867032
IFNLR1,1.7138961761323477,1.2879870455794578,-0.4259091305528899
IFT27,0.8928303971924214,0.4464151985962107,-0.4464151985962107
IFT43,1.537467646693322,0.9265654304227208,-0.6109022162706012
IGF1R,1.4809395119575604,0.6528930609166649,-0.8280464510408955
IGF2,0.0023759749647306,0.043043024303993,0.0406670493392624
IGF2BP1,-0.07815202581919,0.0695297886654273,0.1476818144846173
IGF2R,2.5099235280476933,1.6312219637048508,-0.8787015643428424
IGFBP1,1.7384835195971833,1.0608976745971437,-0.6775858450000396
IGFBP3,1.6679736783183428,0.9006649236628926,-0.7673087546554501
IGK,0.1436144058017681,0.1804130044759064,0.036798598674138316
IHH,-0.2273271372891394,-0.5369225238407647,-0.3095953865516253
IL10,-0.1343096154556411,0.0883866647036531,0.2226962801592942
IL11,1.430015429211793,0.7150077146058965,-0.7150077146058965
IL12B,-0.1077922766546812,0.0315821815352197,0.1393744581899009
IL12RB2,-0.1142676769367877,-0.1548184472483325,-0.04055077031154479
IL1A,1.438613185173256,0.9981727910200026,-0.4404403941532534
IL1B,1.7323727720852329,1.663812454206007,-0.06856031787922579
IL1RAP,2.4755107600789112,2.006615868254029,-0.4688948918248821
IL2,-0.3357409214049152,-0.253348780565018,0.08239214083989721
IL3,-0.0848966423468743,0.0475899588091975,0.1324866011560718
IL4,0.0560856923440593,0.0434285275656005,-0.012657164778458803
IL5,-0.2126426142373062,-0.1150638392649166,0.0975787749723896
IL6,1.6738392998712368,1.2888719806586684,-0.38496731921256844
IL6R,1.7464223019906937,1.4246352693061437,-0.32178703268455
INHBA,0.9864734007707868,0.3337617387567695,-0.6527116620140173
INHBB,0.8943446835562806,0.2320767979416281,-0.6622678856146524
INSR,1.7004603225711363,0.938497227674226,-0.7619630948969103
IPO7,2.1646785815537832,1.1909450923519145,-0.9737334892018688
IRF5,0.7840764574683088,0.3920382287341544,-0.3920382287341544
IRF7,0.7675089877565856,0.0981017453706827,-0.6694072423859029
IRS1,2.517781164439315,2.0763467972220973,-0.4414343672172176
ITGA2,3.969048958636037,3.3220278023563354,-0.6470211562797017
ITGA5,2.095257195081115,1.1958919718180718,-0.8993652232630431
ITGA6,3.984446702452774,3.382823950197669,-0.6016227522551048
ITGB1,1.967157320198112,0.8832075319159485,-1.0839497882821636
ITGB3,3.702303430872532,3.6355584383861874,-0.06674499248634458
ITGB8,3.525469918593749,3.3696675818417265,-0.15580233675202226
ITGBL1,2.574458280796537,2.413416699668772,-0.161041581127765
ITSN1,2.744473956988145,2.0078127498799465,-0.7366612071081984
JAG1,2.139291567104572,1.242204834183116,-0.8970867329214558
JAK1,3.272538196996317,2.6728140661595887,-0.5997241308367283
JDP2,1.017287699451751,0.5086438497258755,-0.5086438497258755
JUN,2.8103341153180543,2.1076950076441143,-0.70263910767394
JUNB,1.2823973059453924,0.5325928513976739,-0.7498044545477185
JUP,2.8241076683752957,2.186233815626262,-0.6378738527490335
KDR,2.436166475771796,2.273354775423404,-0.16281170034839176
KIAA0319,1.5639684220216297,1.2591796828367414,-0.30478873918488825
KIF3A,2.9561301158719946,2.538142695973961,-0.4179874198980338
KISS1,1.3114987577260215,0.914891691735592,-0.3966070659904295
KISS1R,-0.021774521595908,0.0260084635221796,0.0477829851180876
KITLG,1.9275460157049376,1.2201121464120777,-0.7074338692928599
KL,1.47104928841,1.0119484432645507,-0.45910084514544924
KLF13,1.4520271619025105,0.7260135809512552,-0.7260135809512552
KLF2,1.3471362952633696,0.8053117169849093,-0.5418245782784603
KLK3,-0.1868399538036491,-0.1948716145274331,-0.008031660723784001
KRAS,1.7799972473343737,0.998604425242209,-0.7813928220921647
KREMEN1,1.4555619610338344,0.94828501581923,-0.5072769452146044
KRT14,0.5543995770299139,0.067010669452971,-0.4873889075769429
KRT15,1.2055999309599263,0.6027999654799632,-0.6027999654799632
KRT16,0.9247411004579884,0.5478488700915547,-0.3768922303664337
KRT17,0.7477637475440388,0.3738818737720194,-0.3738818737720194
KRT18,2.288783854333589,1.242076535946733,-1.0467073183868563
KRT19,2.401349011528721,1.389439903706481,-1.0119091078222398
KRT32,0.5808646848128522,0.2904323424064261,-0.2904323424064261
KRT33B,0.6039054553241724,0.3019527276620862,-0.3019527276620862
KRT34,1.3812213324237428,0.6906106662118714,-0.6906106662118714
KRT8,3.1053774115926767,2.082508956128992,-1.0228684554636849
KRT81,2.222058076445392,1.6408492885553498,-0.581208787890042
KRT86,1.934272326975052,1.4969564138201794,-0.4373159131548725
KRT9,2.821564011916359,2.9177570426292485,0.09619303071288954
L1CAM,3.6545837909633874,3.001138103885132,-0.6534456870782552
LAMA1,2.2743783667930604,2.421610413376141,0.14723204658308076
LAMA3,3.079233316359361,2.670452098836395,-0.4087812175229657
LAMA5,3.4104693272478697,2.793769999440028,-0.6166993278078419
LAMB2,3.616886542705691,2.962360699073812,-0.654525843631879
LAMC2,3.381830020662578,2.8888041272771563,-0.4930258933854219
LBP,-0.1946651662033818,-0.1828109029642513,0.011854263239130525
LCP1,1.301102506620841,0.6874469776305543,-0.6136555289902867
LDHA,2.464339309387296,1.3694078530827956,-1.0949314563045005
LDLR,1.735118069476656,0.6404704519396334,-1.0946476175370226
LEF1,2.1342871456332158,1.5722332164070152,-0.5620539292262006
LGALS3,1.8321815494879456,1.0015690946065332,-0.8306124548814124
LHB,0.3757235816088953,0.2297168276260754,-0.1460067539828199
LHCGR,-0.4950487861762445,-0.3667171857508749,0.12833160042536956
LHX6,1.0376456612146228,0.7175260869441961,-0.3201195742704267
LIF,2.1817849754260554,1.448062291074432,-0.7337226843516234
LIFR,2.1157853515939635,1.488931633310266,-0.6268537182836975
LIMA1,2.122380970487724,1.1193789878472535,-1.0030019826404706
LIPA,1.971654497158429,1.0516441931409788,-0.9200103040174503
LIPE,1.1358181988743503,0.6337260439989395,-0.5020921548754108
LITAF,1.973754643026932,1.1190489609625638,-0.8547056820643681
LMO2,1.0871465780422802,0.6911763968262461,-0.3959701812160341
LMTK2,1.779800107681386,0.9317550906623208,-0.8480450170190653
LNPEP,2.8166867618276723,2.266512789276282,-0.5501739725513901
LOR,0.1139740985097897,0.1424653691174553,0.028491270607665597
LOX,1.3472929029753562,0.7100821682195568,-0.6372107347557994
LOXL1,1.7380049310638808,0.9443172670391198,-0.793687664024761
LPAR1,1.8543977043045856,1.1327704934897722,-0.7216272108148134
LPAR2,0.8526895334873458,0.2502934990973221,-0.6023960343900236
LPAR4,0.6407429071611017,0.6499583027095532,0.009215395548451522
LPAR5,0.9976297963251748,0.6778344013814335,-0.3197953949437413
LRIG1,1.409119562713923,0.7045597813569615,-0.7045597813569615
LRP1,1.705869933096485,0.9543992755892206,-0.7514706575072645
LRP4,1.4770827902469037,0.9975468397578764,-0.4795359504890273
LRP5,2.5597609039423284,1.7260259749763585,-0.8337349289659699
LTBP3,1.5065048405643688,0.7532524202821844,-0.7532524202821844
LUM,2.9416425453013737,2.302067494632146,-0.6395750506692277
MADD,2.304842258677847,1.4435731605962927,-0.8612690980815543
MAGEC2,1.4449471357400874,0.9184927028686092,-0.5264544328714782
MAGED1,2.280123818261633,1.5586427513051957,-0.7214810669564371
MAGEH1,1.070662776196944,0.535331388098472,-0.535331388098472
MALT1,2.5131121249852084,1.922184007614866,-0.5909281173703425
MAML3,2.09714438821394,1.5578228478252345,-0.5393215403887053
MAP1LC3B,1.9063883434467257,1.106484947043712,-0.7999033964030138
MAPK13,2.968122394935949,2.4569256528042445,-0.5111967421317045
MAPK4,1.563060157280912,1.2997318080112188,-0.2633283492696932
MAPK7,1.5780325603203802,0.8814668251453718,-0.6965657351750084
MAPK8,1.8550295232242395,1.01299308147468,-0.8420364417495596
MARCKSL1,2.2568686364015367,1.5564866830685642,-0.7003819533329725
MAT2A,2.118986349346985,1.1967313730626408,-0.9222549762843444
MCF2L,0.7720219910019875,0.3860109955009937,-0.3860109955009938
MDK,2.4893546043253214,2.376333825828921,-0.11302077849640035
MDM2,1.371668042784804,0.4751593931539714,-0.8965086496308327
MECOM,1.7829964151937865,1.003013586015301,-0.7799828291784854
MEF2C,1.4158756229646654,0.9428142658434584,-0.473061357121207
MEF2D,1.7736967087513984,0.9723266742382596,-0.8013700345131388
MEOX2,-0.2965267485550287,-0.2965267485550287,0.0
MET,1.9389747300145828,1.0418699531133788,-0.8971047769012039
MFN2,2.0543179597501493,1.1979461013742874,-0.8563718583758619
MFSD2A,1.6376379311660256,0.9673507583680748,-0.6702871727979508
MGP,0.7100338982602639,0.4404952689926927,-0.26953862926757116
MGST1,2.170527975059376,1.2779092265101502,-0.8926187485492256
MIR708,-0.1113512641744935,-0.1223537165909681,-0.0110024524164746
MITF,1.685168153715439,0.9854412142310806,-0.6997269394843585
MKI67,2.3759515784829786,1.2980242055521567,-1.0779273729308219
MMD,1.4514198400501888,0.7982030734561055,-0.6532167665940832
MME,0.7880284859965858,0.5026200445733153,-0.2854084414232705
MMP1,1.2052263844362,0.5029119095018473,-0.7023144749343526
MMP12,1.772062491297719,0.9715095655114196,-0.8005529257862993
MMP13,-0.1246161639588195,-0.1372681909481923,-0.012652026989372789
MMP14,2.415987854290978,1.344489834091626,-1.0714980201993518
MMP15,1.2175717084917366,0.6087858542458683,-0.6087858542458683
MMP2,0.3821908686779998,0.3267210282953478,-0.05546984038265196
MMP3,1.2237528522372434,0.8495021021021367,-0.37425075013510667
MMP7,-0.0032717116557003,0.2422404937346604,0.2455122053903607
MMP8,0.364902504500963,0.1824512522504815,-0.1824512522504815
MMP9,-0.4653790834785332,-0.3860832642054042,0.07929581927312901
MPL,0.5110640707242474,0.3222101198658451,-0.18885395085840234
MPP1,2.432764420261265,1.8120783411916936,-0.6206860790695714
MRC2,1.6456505751210584,0.8228252875605292,-0.8228252875605292
MS4A2,-0.2453863749519389,-0.0502000340449581,0.1951863409069808
MSN,3.764414990937709,2.9804980049626013,-0.7839169859751078
MSR1,0.4864893307953752,0.3287229852602484,-0.1577663455351268
MST1,0.6384936824729839,0.2106410396614695,-0.42785264281151436
MST1R,2.307412247411402,1.881587932000016,-0.4258243154113859
MT1A,0.9174577073286708,0.544207173526896,-0.37325053380177486
MT1E,1.2211637501837864,0.5102107469087857,-0.7109530032750008
MT1F,0.5009463281289366,0.1501020358813606,-0.35084429224757596
MTM1,1.484523172627627,0.7422615863138133,-0.7422615863138136
MTTP,0.4625426135788936,0.1120785141266944,-0.3504640994521992
MUC1,0.9719848728887496,0.4557263393870667,-0.5162585335016829
MUC2,0.2921890684395438,0.2633070748873787,-0.028881993552165086
MUC4,0.5851175089777366,0.4437380804788833,-0.14137942849885332
MUC5AC,0.2600978090855835,0.392210323098358,0.13211251401277452
MUSK,1.8342844085360703,1.4570876154031778,-0.37719679313289256
MYB,0.8456333722881249,0.3809616493224346,-0.46467172296569026
MYBL1,1.6406996993716856,0.8203498496858428,-0.8203498496858428
MYBL2,1.7722547266577235,0.8861273633288618,-0.8861273633288618
MYC,2.724891762871722,2.060650200512238,-0.6642415623594844
MYCBP,0.2860453180669396,0.3002459806741714,0.014200662607231795
MYCL,1.2565186626469054,0.8647177609450083,-0.3918009017018971
MYCT1,1.450102554047234,0.7975444304546281,-0.652558123592606
MYLK,1.0709778896958968,-0.1543955436837316,-1.2253734333796285
MYO7A,2.508084416452997,2.432174873400733,-0.07590954305226427
NAB2,1.4167656407006652,0.7502378571719605,-0.6665277835287048
NAMPT,2.156073763504043,1.1635152016145822,-0.9925585618894606
NANOG,0.2961696677949565,0.2882801675397593,-0.00788950025519719
NAT1,1.2736774542372302,0.673734451438749,-0.5999430027984812
NCAM1,0.4495245337053883,0.4949109972414613,0.04538646353607301
NCEH1,2.4571250830219613,1.5962343123487006,-0.8608907706732607
NCK2,2.506870835568628,2.148798849524719,-0.35807198604390944
NDRG1,1.5796380410702022,0.6812132189600788,-0.8984248221101234
NEAT1,1.911285203604598,0.955642601802299,-0.955642601802299
NEDD4L,2.722824264431202,2.2057371571145867,-0.5170871073166152
NEDD9,1.592070665966998,0.9445671257685608,-0.6475035401984373
NEFL,0.1139740985097897,0.1424653691174552,0.028491270607665486
NEIL1,1.173556799132911,0.6722567194290158,-0.5013000797038952
NEK6,1.7788259927484795,1.0152277032769028,-0.7635982894715767
NEK7,2.05813329431745,1.029066647158725,-1.029066647158725
NELL2,1.5791453125241002,0.7895726562620501,-0.7895726562620501
NFAT5,1.811220514818636,0.9056102574093178,-0.9056102574093182
NFATC1,1.591299470202199,1.2071734082673833,-0.3841260619348157
NFATC4,1.331585018666298,1.0463008161260063,-0.28528420254029174
NFE2,0.3679298251357091,0.0753591109928321,-0.292570714142877
NFKB1,1.1973813591766675,0.3267123614268598,-0.8706689977498078
NGF,1.570936544746286,1.1676022720750605,-0.40333427267122546
NGFR,2.808991588157141,2.214921623938772,-0.5940699642183689
NID2,1.616022348994894,1.639632249406436,0.023609900411541984
NKX2-1,-0.582177397133611,-0.398913379849497,0.18326401728411407
NKX3-1,1.3639812473805997,0.7188863480104332,-0.6450948993701665
NLRP3,2.0405325688050677,1.5347996079818962,-0.5057329608231715
NMB,1.4825307432642538,1.0708522207611295,-0.4116785225031243
NNMT,1.1073280233380074,0.6391423315315641,-0.4681856918064433
NOG,1.631098401108436,0.8863214013664621,-0.7447769997419739
NOL7,1.8594945761579087,1.0383530896539774,-0.8211414865039313
NOS2,-0.107792724385336,0.0315819576698924,0.1393746820552284
NOS3,0.4606028579669255,0.3527420013702542,-0.10786085659667133
NOTCH2,2.88667235129449,2.037002614873058,-0.8496697364214318
NOTUM,0.2924835569021773,0.2093200552576318,-0.0831635016445455
NOX1,-0.2637008755821057,-0.2982270826996429,-0.03452620711753718
NOX3,0.971959352747044,0.485979676373522,-0.485979676373522
NOX5,1.2063701365199042,0.6886633881225126,-0.5177067483973916
NPPB,1.4899215599550992,1.0253578180613103,-0.4645637418937889
NPY1R,1.3584301885475902,0.8089799024452429,-0.5494502861023474
NR1D1,1.8768695206581176,1.2220721664989829,-0.6547973541591348
NR2F1,1.338802731889497,0.583923046082188,-0.754879685807309
NR3C1,2.6497592632305738,1.8787950805958415,-0.7709641826347322
NR3C2,1.3338559227394164,0.7980450161333769,-0.5358109066060396
NR4A1,1.1807584865403404,0.7366428332294862,-0.44411565331085423
NR5A2,0.5068798447907198,0.3473116540271042,-0.1595681907636156
NRAS,1.7675708230428364,0.8468896872012845,-0.9206811358415519
NRCAM,1.6325215996033202,1.0949723791625952,-0.5375492204407251
NRG2,1.2928330529052283,1.045219776029529,-0.24761327687569934
NRK,1.3229592585771976,1.004440084854801,-0.3185191737223967
NRXN1,0.1240361629847752,0.1250963582989306,0.001060195314155396
NRXN3,1.123924147200829,0.6812215227688767,-0.4427026244319523
NT5E,2.2602474164467545,1.349690331838554,-0.9105570846082005
NTF3,1.2335404214722432,1.4222013945285188,0.1886609730562756
NTRK2,1.6823737193380175,1.6342975783722302,-0.04807614096578727
NUP210,2.4421695234969456,1.6424361996651071,-0.7997333238318385
OCA2,-0.1530993200049065,0.0806736616382484,0.2337729816431549
OCLN,1.4491738983432438,0.7335472957271989,-0.7156266026160449
ODC1,1.9780004552692243,1.097606029209635,-0.8803944260595893
OLR1,0.8786701649103671,0.5051520270169478,-0.37351813789341926
OTC,-0.1112739857125756,0.1151501286429247,0.2264241143555003
P2RY6,0.9606644947019436,0.8099190964799743,-0.1507453982219693
PAEP,0.1400228390273799,0.1676960282936286,0.027673189266248704
PAG1,2.320699180901251,1.949538570315568,-0.37116061058568306
PAK2,3.825048633690705,3.4373614040722216,-0.38768722961848345
PAK6,2.793841846581802,2.75953795412672,-0.03430389245508181
PARD6A,2.525412462142175,2.1495960860421013,-0.3758163761000737
PAX6,-0.5243636221024566,-0.3560535426829726,0.16831007941948395
PBX1,1.4509291267744957,0.6868140634856653,-0.7641150632888304
PBX3,1.5765802518014431,0.7882901259007217,-0.7882901259007215
PC,1.7313730122728332,0.9025822304565504,-0.8287907818162829
PCDH1,2.146738787399149,1.6460410687136444,-0.5006977186855046
PCDH7,1.978110959140598,1.7304959139126554,-0.24761504522794264
PCDH9,2.379407158399339,2.177156310144284,-0.2022508482550549
PCK2,1.7629189025419054,1.052246572770165,-0.7106723297717403
PCSK1,-0.0047095455773244,0.1509360025316872,0.1556455481090116
PCSK2,0.0795895671060016,0.0816498203746284,0.0020602532686267994
PCSK9,1.64913531254527,0.824567656272635,-0.824567656272635
PDE10A,1.143229330782147,0.3756338274467874,-0.7675955033353596
PDE3A,0.5866802155521521,0.0973592698317896,-0.4893209457203625
PDE3B,0.7029082804825799,0.1554733022970035,-0.5474349781855764
PDE5A,1.0394926336670007,0.4369095836310963,-0.6025830500359044
PDGFA,2.724112764847754,2.406099794424403,-0.31801297042335097
PDGFB,2.713716789387316,2.425712128956032,-0.28800466043128425
PDGFC,1.8040044205961807,0.9438572471197184,-0.8601471734764623
PDGFD,2.5473438034401568,2.016555852892204,-0.5307879505479529
PDGFRA,0.4671528060325591,0.4957378215718453,0.028585015539286218
PDK2,1.3348002634733491,0.6015831871749101,-0.733217076298439
PDLIM5,2.5223728677620434,1.6436420879209903,-0.8787307798410531
PDLIM7,1.4740809116776237,0.6390308986552731,-0.8350500130223506
PECAM1,1.332411763358619,1.0058666881884066,-0.32654507517021236
PER1,1.4637324242787169,0.7666873806909652,-0.6970450435877517
PER2,1.499742601913313,0.9905274643760288,-0.5092151375372843
PER3,1.5889862580744736,0.8293142975888435,-0.7596719604856301
PF4,0.0744034573545944,0.1773970623195782,0.10299360496498379
PFN2,1.9887258512262795,1.1925635795395595,-0.79616227168672
PGC,1.0479392692354847,0.560865358937876,-0.4870739102976087
PGF,1.5835976914027876,0.9290370440905422,-0.6545606473122454
PGR,-0.4805039822008393,-0.3257303109629803,0.154773671237859
PHLDA1,2.0931918304478843,0.9799178307202208,-1.1132739997276635
PIK3AP1,1.469439983823451,0.993772986577838,-0.4756669972456131
PIM1,1.8193731684684624,1.1267614908084802,-0.6926116776599822
PIP4K2C,1.928667715210976,1.1498992541839417,-0.7787684610270342
PITX2,1.0964598850912897,0.7948130253475375,-0.30164685974375216
PKIG,1.5274089720213897,0.8361976394417061,-0.6912113325796836
PKP3,2.2764625733596366,1.7218055649214774,-0.5546570084381592
PLA2G4A,2.41542564213279,2.172147502906995,-0.243278139225795
PLA2G4D,1.8198772773346463,1.8296155239579623,0.009738246623316016
PLA2G6,1.714977129363039,1.3681752477027544,-0.3468018816602845
PLAT,2.590457619837362,1.4857679023442514,-1.1046897174931107
PLAU,2.895752461936711,2.237606136683546,-0.6581463252531652
PLAUR,1.8048074334237192,0.961376465361496,-0.8434309680622232
PLCD4,1.7407906956926182,1.3935379292452652,-0.34725276644735303
PLCE1,1.9132802798267896,1.4797827213123511,-0.4334975585144385
PLCG1,4.391820707425708,4.246569816707832,-0.14525089071787622
PLCL1,2.268374296262106,1.7760450291504668,-0.49232926711163927
PLD1,1.7896359307611869,1.293461058776098,-0.4961748719850889
PLEKHA7,1.797517560050906,0.9569472826288448,-0.8405702774220611
PLIN2,1.8232473988308733,0.9774406439772008,-0.8458067548536725
PLXNA1,2.41797917379872,1.7271913162701225,-0.6907878575285977
PLXNA4,1.2551618071288264,1.1457826329351766,-0.10937917419364984
PLXNC1,1.8098741134593936,1.3561232049299805,-0.45375090852941313
PMAIP1,1.839126246825367,1.028168924987706,-0.8109573218376611
POR,1.7271292007955092,0.9054196372193823,-0.8217095635761269
PORCN,1.561173375317799,0.7805866876588995,-0.7805866876588995
POU1F1,0.5406434327779116,0.5356960113465716,-0.004947421431339971
POU2F1,1.594824617356693,0.8632292532401106,-0.7315953641165823
POU2F2,1.7081312877117645,1.057373115592781,-0.6507581721189835
POU3F2,1.1462322625732235,0.5731161312866119,-0.5731161312866117
POU5F1,0.8302549521833097,0.6657169653384692,-0.16453798684484044
PPARD,1.8727215133167456,1.021839076520933,-0.8508824367958125
PPARG,1.812538880299421,1.0280935398653732,-0.7844453404340477
PPARGC1A,1.614368352727516,1.0801525979228446,-0.5342157548046715
PPFIA2,1.9034844974132104,1.8783737283362103,-0.02511076907700005
PPFIBP2,1.0774281470115066,0.5387140735057533,-0.5387140735057533
PPM1F,1.7959417925760914,0.970464049719057,-0.8254777428570345
PPP2R2B,0.0559396750412138,-0.1636438444666783,-0.2195835195078921
PPP2R2C,1.6968904753843976,1.1656329755648862,-0.5312574998195114
PPP2R3A,1.4809483921569115,0.7404741960784558,-0.7404741960784558
PPP3CC,1.9634460514342715,1.5706163033701288,-0.3928297480641427
PRDX3,2.095724551574905,1.1564680773624747,-0.9392564742124303
PRF1,0.3369244052571309,0.5159147405712514,0.1789903353141205
PRG2,1.0518423460326771,0.4534280195853273,-0.5984143264473498
PRICKLE1,1.8267828461712048,1.4507904445961273,-0.3759924015750775
PRKCG,3.246883803093512,3.321189742435119,0.07430593934160701
PRKCH,1.43719416108997,0.718597080544985,-0.718597080544985
PRKG1,1.988933370093392,1.495189715999139,-0.493743654094253
PRL,0.2741149712728224,0.3357607419732957,0.06164577070047328
PRNP,3.398502731042089,2.4284616271209774,-0.9700411039211119
PRODH,-0.5101435825127795,-0.3636775928314122,0.14646598968136726
PROX1,0.6822484556049426,0.1081684575142314,-0.5740799980907112
PRSS3,1.559101573712037,0.7795507868560185,-0.7795507868560185
PSAP,2.428537272120176,1.2718452945646757,-1.1566919775555005
PSG1,1.406614687491729,1.0970611456628676,-0.3095535418288613
PSG7,0.5854344737261669,0.1923461086799758,-0.39308836504619105
PSMC5,1.9824539786336213,1.0795167663343384,-0.9029372122992829
PTBP1,2.1450333671031774,1.181122485126611,-0.9639108819765663
PTCH2,1.051410047781456,0.5174445701535266,-0.5339654776279295
PTEN,1.6979336149764843,0.8897115219367332,-0.8082220930397511
PTGER2,0.6624701260625065,0.3477368287927355,-0.31473329726977106
PTGES,1.8707878669311928,0.9772489702872242,-0.8935388966439686
PTGS2,2.0918187524849694,1.296413334279628,-0.7954054182053414
PTHLH,1.2106868295988962,0.8516322292520604,-0.3590546003468358
PTK2B,2.5899448057389143,2.319298026890749,-0.27064677884816524
PTN,2.224000138913988,2.0329129792742595,-0.19108715963972855
PTPN22,1.5222055655940565,0.7611027827970283,-0.7611027827970283
PTPN3,1.8093262720321155,0.9046631360160576,-0.9046631360160579
PTPN6,2.4310441579936586,2.2099946873424496,-0.22104947065120895
PTPRB,1.3431589879598684,0.8531238663194058,-0.4900351216404626
PTPRR,1.100999923813122,0.550499961906561,-0.550499961906561
PTPRS,2.8058723123440794,2.0947675594199024,-0.711104752924177
PVR,2.4607769098327794,1.7162103865605334,-0.744566523272246
RAB27A,2.481340476654997,1.962477809216079,-0.5188626674389181
RAB3A,2.711848178984993,2.3834984444410026,-0.3283497345439903
RAB9B,1.499628874833584,0.749814437416792,-0.749814437416792
RAC3,2.730873809683908,2.472116042402914,-0.258757767280994
RAMP1,1.719343705792081,1.2325870947548123,-0.48675661103726875
RAP1GAP,0.3934910497780003,-0.1419267080207827,-0.535417757798783
RAP1GAP2,1.641865466888655,1.1034970299725426,-0.5383684369161124
RAPGEF3,1.1525969507911056,0.7248302681806147,-0.4277666826104909
RARA,1.2909848345297728,0.560014097402326,-0.7309707371274468
RARB,1.2883434336668382,0.8292501453183404,-0.45909328834849783
RARG,1.315739587602863,0.5723914739388711,-0.7433481136639919
RASGRF2,1.3240532147610828,0.942749515102004,-0.38130369965907884
RASGRP1,1.4795929550062357,1.2222761252850332,-0.2573168297212025
RASGRP2,1.2353545582704204,0.8984001868566727,-0.33695437141374773
RB1,2.2067157472005188,1.3360339949877438,-0.870681752212775
RBL2,1.5540753753016885,0.8188927244724721,-0.7351826508292164
RELA,1.3773936413294192,0.460620608266847,-0.9167730330625723
REN,0.1012816339783025,-0.0151761275726131,-0.11645776155091561
REPS2,2.1357200488170127,1.5659383442266814,-0.5697817045903313
REST,1.6202584493864507,0.7732335003730916,-0.8470249490133591
RETN,0.1160359114953012,0.1238349003094149,0.0077989888141137
RETNLB,0.4294143196107826,0.3319197004729982,-0.0974946191377844
RFTN1,1.6999343091488843,0.9424176995596244,-0.7575166095892599
RGMB,2.492540173015091,1.6234156955572707,-0.8691244774578204
RGS4,2.240167846242733,1.4496707722503694,-0.7904970739923634
RGS5,2.4723082537581003,1.5657409760080525,-0.9065672777500478
RHOB,2.866114621930871,2.3767204062650453,-0.4893942156658255
RHOBTB3,2.847640204645105,1.9468383777170395,-0.9008018269280655
RHOD,2.2869835584959057,1.9647183184649173,-0.32226524003098844
RHOJ,2.3253130354771154,1.5332622939068803,-0.7920507415702351
RHOU,2.27167225421562,1.917562678486816,-0.35410957572880375
RHPN2,2.9995556042015026,2.6881380052332746,-0.31141759896822796
RIMS1,2.261153772171272,2.241346239858493,-0.019807532312778875
RIMS2,1.45859655427883,0.729298277139415,-0.729298277139415
RIN1,1.317488152587877,0.6587440762939385,-0.6587440762939385
RIN3,1.3436696712510523,0.6718348356255261,-0.6718348356255261
RIPK2,1.9654501664355948,1.3420444178227888,-0.623405748612806
RNF115,2.547277807712113,2.299308931275237,-0.24796887643687615
RNF128,1.4602993093853192,0.8860273918347404,-0.5742719175505787
RNF41,1.9606985037334328,1.2820782113932014,-0.6786202923402314
RNF7,1.407151492226671,0.5972505115979224,-0.8099009806287486
ROBO1,2.1979105894469884,1.5398372481594995,-0.6580733412874888
ROBO3,2.1314986045755173,1.5063977684576542,-0.6251008361178632
RPS6KA2,1.0789379016969942,0.5394689508484971,-0.5394689508484971
RPS6KA3,1.9201794841456368,1.1086215348578807,-0.811557949287756
RPS6KA5,1.948188492444515,1.4281748082484682,-0.5200136841960468
RSPO2,0.1144683615004736,0.2253517729480364,0.11088341144756281
RUNX1,0.7871425888558021,-0.2121661505696513,-0.9993087394254534
RYR3,1.555000135963466,1.478536555049219,-0.07646358091424688
S100A4,2.033076005864512,1.1997937486134629,-0.833282257251049
S1PR1,1.064325722174562,0.8032693234659443,-0.26105639870861763
S1PR2,1.234710286309321,0.7963746463735065,-0.43833563993581437
SAA1,0.4917037782451557,0.4248713923414242,-0.06683238590373153
SALL2,1.339138773886882,0.8611830689307262,-0.4779557049561559
SARM1,1.3704800118440177,0.8359677759884472,-0.5345122358555705
SAT1,1.7593590754182205,0.9454964822708746,-0.8138625931473459
SATB1,1.392014593744532,0.696007296872266,-0.696007296872266
SCARB2,2.495779288038276,1.7250851158450629,-0.7706941721932132
SCN5A,2.085037615950501,1.349284557961429,-0.7357530579890721
SCNN1A,1.7956681774434815,1.5243355172869917,-0.2713326601564898
SDC2,3.02661388512036,2.430645966108658,-0.5959679190117018
SDC3,2.874499343202978,2.1064207785682494,-0.7680785646347288
SEMA3A,2.4251645805583912,1.8022735343439644,-0.6228910462144268
SEMA3C,1.7334232811700017,0.9591621855701826,-0.774261095599819
SEMA4D,1.3914495720854063,0.6957247860427033,-0.695724786042703
SEMA7A,1.61984350283077,0.9023722964005668,-0.7174712064302032
SEMG1,2.0402697908814504,1.6012594699096097,-0.4390103209718408
SEPT7,1.845103350229517,0.885655950794625,-0.9594473994348921
SERPINB5,0.5373096518476576,0.3254473914064416,-0.21186226044121598
SERPINC1,0.1782042484220409,-0.061557245747904,-0.2397614941699449
SERPINE1,2.927367240841171,2.0777662937118446,-0.8496009471293262
SFRP1,1.0685859982137376,0.7736555830034784,-0.2949304152102592
SGK1,2.4665255276557683,1.5627434243247371,-0.9037821033310312
SH3KBP1,2.7710222158144795,1.940510054727528,-0.8305121610869515
SHANK2,1.014207316520359,0.7037553730343683,-0.3104519434859906
SHC3,2.9488919712491866,2.666024000739583,-0.28286797050960377
SIGIRR,0.9144654251311412,0.4572327125655706,-0.4572327125655706
SIM2,0.7125212242923974,0.3562606121461987,-0.3562606121461987
SIPA1L1,3.007945524994589,2.3555249820783666,-0.6524205429162224
SIRT1,1.3856324231265449,0.6045264345457443,-0.7811059885808006
SIX1,1.3399521137360495,0.6699760568680249,-0.6699760568680246
SKAP1,1.1356903200589774,0.7638642950280545,-0.3718260250309229
SLC1A4,1.1594890121645829,0.189438886640233,-0.9700501255243499
SLC20A1,2.2632593115778645,1.2849204311092817,-0.9783388804685829
SLC27A1,1.6388262881989817,0.885230088661255,-0.7535961995377267
SLC2A3,1.8619209371010093,1.0192275349391626,-0.8426934021618466
SLC2A4,0.4753709883408551,0.1718685496086631,-0.303502438732192
SLC40A1,1.6031992723630464,0.9470013783387328,-0.6561978940243136
SLC4A2,1.9707934284719413,1.0272517510575987,-0.9435416774143426
SLC5A5,-0.1057304380829662,0.0129517255202812,0.1186821636032474
SLC7A11,2.200732126113264,1.1858443829191927,-1.0148877431940715
SLC9A1,1.3587418377735871,0.613553974325029,-0.7451878634485581
SLC9A3,0.0795895671060016,0.0816498203746285,0.0020602532686269104
SLC9A3R1,2.798869937081889,2.311824458218519,-0.48704547886337
SLC9A3R2,2.0708954621270284,1.294098475637079,-0.7767969864899493
SMAD3,2.8118364231873296,2.097753496022814,-0.7140829271645157
SMAD6,1.7321302056972985,1.359350946910049,-0.3727792587872494
SMAD7,1.7604108564750696,1.3293527112403791,-0.43105814523469044
SMN1,-0.1139740985097897,-0.1424653691174552,-0.028491270607665486
SMPD1,2.564011721060645,1.8998095414592144,-0.6642021796014304
SMPD3,1.0538122347463226,1.0406667630383453,-0.013145471707977308
SNAI2,1.8923319177083675,1.291313692895081,-0.6010182248132865
SOCS1,1.0850195252364985,0.8046711811738154,-0.28034834406268305
SOCS2,1.723647486296617,1.158770189248723,-0.5648772970478939
SOCS3,2.343318819553364,1.9251167775129645,-0.41820204204039935
SOD1,1.8937566585472816,0.9887333660952689,-0.9050232924520127
SOST,0.4894718337889141,0.5098330726137265,0.020361238824812333
SOX13,1.9388055954133236,1.1266261193473637,-0.81217947606596
SOX14,0.1578355875342281,0.1727895253988583,0.014953937864630201
SOX4,1.5571986632528816,0.9358226532671424,-0.6213760099857392
SOX7,0.6390516303339027,0.4050041350295119,-0.23404749530439078
SP1,1.5685602323531684,0.6493140261007855,-0.919246206252383
SP140,1.1974878069024766,0.7645808277062306,-0.432906979196246
SPAG9,2.402301698921136,1.4806161651476455,-0.9216855337734906
SPARC,1.1722616723297732,0.696179252475554,-0.4760824198542192
SPDEF,1.3327590393710125,0.7032752440056406,-0.6294837953653719
SPHK1,1.5031094599454915,0.8485233597096045,-0.654586100235887
SPI1,-0.0988316103074335,0.021617666961866,0.12044927726929949
SPINK4,1.0373615547775994,0.6358933180564061,-0.40146823672119325
SPINT1,1.247232080384861,0.6654710770140585,-0.5817610033708026
SPRR1B,0.5963309576550391,0.6508855326322632,0.05455457497722416
SPRY1,2.363403632340129,1.90253027900336,-0.46087335333676904
SPTB,2.647360769976597,2.3714591406314067,-0.27590162934519036
SPTBN5,2.738820339988105,2.417188925637161,-0.3216314143509438
SQSTM1,2.533080111011915,1.5039903030968933,-1.029089807915022
SRF,1.5568559770469768,0.6298961957384264,-0.9269597813085504
SRGAP2,2.726571458703596,1.941457045837554,-0.7851144128660419
SRPX,1.6126311942089735,0.9141402783871784,-0.6984909158217951
SRSF1,2.1376831841767285,1.177447393663387,-0.9602357905133416
SSH3,1.9025093893200864,1.4046525674322228,-0.4978568218878636
SSTR1,1.3865552891411383,0.823042452742017,-0.5635128363991213
SSTR2,1.605807711861549,0.9326686641022224,-0.6731390477593266
ST14,1.078371239717212,0.539185619858606,-0.539185619858606
ST3GAL1,1.6940195685477726,0.9556155858489088,-0.7384039826988638
ST3GAL3,1.540634173867819,0.8789228885089317,-0.6617112853588873
ST3GAL4,1.7225182862809345,0.9698649447154896,-0.7526533415654449
STAM,2.965704975103304,2.313211670707496,-0.6524933043958079
STARD7,2.096606482021489,1.22548263747829,-0.871123844543199
STAT1,1.526176959980681,0.6145566872052782,-0.9116202727754027
STAT4,2.1308970398202858,2.1974827974099247,0.06658575758963892
STEAP3,2.036636419686828,1.198254887396944,-0.838381532289884
STIM1,1.7967549371971272,0.9402325054201914,-0.8565224317769358
STMN1,2.3439786700323526,1.4567172349944242,-0.8872614350379284
SULT1E1,0.2783610138841312,0.3077876245666577,0.0294266106825265
SULT2A1,0.1859381443172821,0.1644954251863921,-0.021442719130889992
SURF1,1.501279846382504,0.8592457247662746,-0.6420341216162293
SURF2,1.4158707069924985,0.8165411550712713,-0.5993295519212272
SYN1,0.2313061814407027,0.157508127541979,-0.07379805389872371
SYNJ1,3.5361911535995367,3.151057755155393,-0.3851333984441436
SYNJ2,3.7596377385315223,3.319248501239788,-0.4403892372917344
SYT12,1.3039812362068022,0.84864233287759,-0.4553389033292121
SYT2,2.290458159770809,2.7571901778365504,0.46673201806574127
TAC3,1.2896098247844905,0.9743917615212476,-0.31521806326324286
TAF4B,1.746926161950543,1.2637687004173297,-0.48315746153321326
TAP1,2.922130268802852,2.3192345427638736,-0.6028957260389785
TAS2R1,0.6788118837256942,0.2629909021152314,-0.4158209816104628
TCF4,0.8658340678629288,0.4886022311584058,-0.37723183670452304
TCF7,1.7441679020746674,1.4138374294808784,-0.330330472593789
TCF7L2,2.506728441719821,2.0045560436598637,-0.5021723980599573
TCN1,1.6560253135372052,1.002325511900953,-0.6536998016362521
TEK,0.0112340275535579,0.1033016225567177,0.0920675950031598
TERT,0.8957772151209171,0.4700198998085717,-0.42575731531234545
TET2,1.8035564264006136,1.0339498526494042,-0.7696065737512094
TFAP2C,2.007289817298758,1.2158432160073092,-0.791446601291449
TFAP4,1.3156978527482377,0.7664547279491409,-0.5492431247990968
TFPI2,1.851807629101856,1.0159420945335629,-0.835865534568293
TFRC,2.2646023984161125,1.2409070007830787,-1.0236953976330339
TG,0.1223370791272625,-0.0046484049981331,-0.1269854841253956
TGFA,3.5348120884350807,3.2419530189916714,-0.2928590694434092
TGFB1,1.7060575469185666,0.866245518970561,-0.8398120279480056
TGFB2,1.3944215995187914,0.4657174042655928,-0.9287041952531986
TGFB3,2.091317652098589,1.9061978876226224,-0.18511976447596656
TGFBR1,1.50672750338016,0.543174632628094,-0.963552870752066
TGFBR2,2.140891800209539,1.1371239846084906,-1.0037678156010483
TGFBR3,2.286439579224968,1.7066051058573912,-0.5798344733675769
TGM2,2.606654461677494,1.4515438498725255,-1.1551106118049683
TH,0.4353599619990727,0.2545757053196701,-0.18078425667940257
THBD,1.7685114282527976,0.9849196787495124,-0.7835917495032853
THBS2,1.605091210607366,1.2625218241923954,-0.3425693864149706
THOC6,2.313830343074929,1.7376040587621937,-0.5762262843127355
THRB,1.5321648145908249,0.9353523843919738,-0.5968124301988511
TIMP2,2.270351512324243,1.2415009906775347,-1.028850521646708
TJP1,1.8203601663371545,0.947075807488711,-0.8732843588484435
TJP3,1.5751508728633363,1.217287626250981,-0.35786324661235525
TK1,1.9655018662839776,1.1149225725910863,-0.8505792936928913
TLE1,2.154723944987889,1.3740928889234822,-0.7806310560644067
TLE3,1.924018311005569,1.2114748899951049,-0.7125434210104642
TLE4,1.134496680537629,0.8037067698903697,-0.3307899106472594
TLR1,1.0614902796664984,0.5342674839922991,-0.5272227956741994
TLR4,2.237893470188856,1.3599664031561365,-0.8779270670327195
TLR6,1.9912630186687128,1.313342898877392,-0.6779201197913207
TMPO,2.124777143639491,1.104243608641373,-1.020533534998118
TMPRSS2,0.5999257464424531,0.3368585975413603,-0.2630671489010928
TNC,2.149003711033502,1.2703535610450791,-0.8786501499884227
TNF,0.1156204162083899,0.2312236481329209,0.115603231924531
TNFAIP3,2.092861494607868,1.3994069549344277,-0.6934545396734404
TNFRSF10B,1.7612067218787335,0.7720231428831401,-0.9891835789955934
TNFRSF11B,2.0215927332790877,1.076613311201308,-0.9449794220777796
TNFRSF1A,2.721518456397248,2.057762733397212,-0.6637557230000359
TNFRSF1B,1.4058289039893554,1.0558906596251707,-0.34993824436418475
TNFSF10,1.0968606703301809,0.445527409133317,-0.6513332611968639
TNFSF11,-0.646288294684553,-0.5354048832369901,0.11088341144756286
TNIK,2.0251857501335047,1.3803872916051825,-0.6447984585283222
TNIP1,2.3182805591008804,1.4447930280580503,-0.8734875310428301
TNS4,1.156533360519555,0.7486669254433039,-0.407866435076251
TOX2,1.4707339626221412,0.820845301173631,-0.6498886614485102
TP53,1.8092248258026296,0.985993679131294,-0.8232311466713356
TP73,1.2821829866023462,0.7496972948761956,-0.5324856917261506
TPO,-0.208692447034,-0.0104744918852556,0.1982179551487444
TRIM16,1.5471472122725982,0.7735736061362991,-0.7735736061362991
TRPC3,1.0083223023290773,0.34992426524081,-0.6583980370882673
TSC1,1.5758379703080183,0.7510232608338755,-0.8248147094741428
TSC2,1.5380588567500757,0.732133704054904,-0.8059251526951717
TSC22D3,2.4011661914202955,1.8643156159732568,-0.5368505754470387
TSHR,-0.1160359114953013,-0.123834900309415,-0.0077989888141137
TSTD1,1.11391464738693,0.5988123605150927,-0.5151022868718372
TWIST1,-0.1381746015983811,-0.0861514598775471,0.052023141720834
TXNIP,1.810082919109073,0.8111784620049477,-0.9989044571041253
TXNRD1,2.369262279356267,1.3331629324631953,-1.0360993468930717
UBE2C,1.9474298261225085,1.0823207146362763,-0.8651091114862322
UBE2D3,1.7149202761774789,0.6849010874579102,-1.0300191887195687
UBE2S,1.6133052641041294,0.8485076688736924,-0.764797595230437
UCN,0.5803437273820806,0.2532761393709066,-0.327067588011174
UGT1A1,0.2094818630734568,0.2532727243217905,0.0437908612483337
UGT1A9,0.2986748209252215,0.2151543550243752,-0.08352046590084633
UGT2B15,0.1139740985097897,0.1424653691174552,0.028491270607665486
UHRF1,1.612027455804746,0.806013727902373,-0.806013727902373
UNC13B,3.0022542426805297,2.7631635828517127,-0.23909065982881694
USP18,1.2202690743533258,0.9182499215396313,-0.3020191528136945
USP33,2.110384267625017,1.2451958531032004,-0.8651884145218167
VCAM1,0.1094671728062738,0.1402119062656973,0.030744733459423496
VCP,2.4242957447686213,1.3523432060265916,-1.0719525387420297
VDR,1.3151690011325043,0.7178697341661806,-0.5972992669663237
VEGFA,3.058073552075376,2.521989469881621,-0.5360840821937547
VEGFC,2.0495091492729447,1.2616268811584743,-0.7878822681144704
VIM,2.3445409004876447,1.146116898381118,-1.1984240021065267
VIPR1,1.5451504515430523,0.9258660010918756,-0.6192844504511767
VLDLR,2.6279778304238923,1.818711828138704,-0.8092660022851883
VTN,2.8377563207956342,2.805622821631096,-0.032133499164538115
WASF2,1.9698310090678088,1.085286632717012,-0.8845443763507967
WASF3,2.35043912721154,1.6651966726857,-0.6852424545258402
WEE1,1.42972000731715,0.6175906147888928,-0.8121293925282573
WNT2B,1.0626241163902326,0.7934734767506826,-0.26915063963955
WNT3A,0.1144686778424634,0.2253519311190313,0.1108832532765679
WNT4,-0.1748843724642173,-0.1292972230537364,0.04558714941048092
WNT7B,1.3704298866111233,0.7783807224245931,-0.5920491641865302
WNT8B,0.5384319238093763,0.2800623048393135,-0.25836961897006283
WRN,1.509200949086144,0.8632062761180944,-0.6459946729680496
WT1,0.9924581213083356,0.5687222140851792,-0.42373590722315635
XIAP,1.6402414662328986,0.7832250087963155,-0.8570164574365831
XPA,1.044978676546773,0.4342222718847285,-0.6107564046620445
XPO1,2.162659979597524,1.1899357913737842,-0.9727241882237398
ZEB1,1.7962234889044322,0.960629754843259,-0.8355937340611732
ZEB2,1.4526784580927783,0.7263392290463893,-0.726339229046389
ZHX2,1.458900359838459,0.7294501799192293,-0.7294501799192296
ZMIZ1,1.9737138868455792,1.1640363398903355,-0.8096775469552437
ZNF148,0.6783803559930958,-0.3344455087229935,-1.0128258647160893
ZNF175,2.3382409952002545,1.6108623675847946,-0.7273786276154599
ZNF395,1.938340186639236,1.316622631262304,-0.6217175553769321
ZNF703,1.4415963674251395,0.8979775801801155,-0.543618787245024
ZNF827,1.7077414173030516,1.0310501051190717,-0.6766913121839799
ZSCAN31,1.1636287928168694,0.6672927162709951,-0.4963360765458743
