Node,Steady State (No perturb)
A2M,0.9725016146627982
ABCA1,1.7599797427363901
ABCB1,-0.17374473245530125
ABCG2,1.7712589508708576
ABI2,1.163706974278162
ABL1,2.6679222656918875
ACAT1,1.8200868369249286
ACE,0.5548340130397212
ACSL1,1.7860344234272654
ACTA1,0.8458867537060423
ACTA2,0.5316629641843703
ACTBL2,1.2896102531475289
ACTC1,1.581182500318702
ACTG2,0.8616315307902745
ACTR3C,1.9758792288697482
ACVR1C,1.4230264147999194
ADAMTS3,1.1019521342472474
ADH1A,0.12114165961628927
ADIPOQ,0.1160359114953013
ADIPOR1,1.9208009855847477
ADIRF,1.769270846302171
ADM,1.3467748617814106
ADORA1,1.3258144054756793
ADRA1B,1.0268748587703405
ADRB2,1.7237219416072675
AFAP1L2,1.6219826983976477
AFP,-0.642914772430189
AGER,0.8087469163721623
AGR2,2.132884821510366
AGRN,2.4119152729763575
AGTR1,0.13096681836946283
AHRR,0.8454134225403716
AKAP5,1.4351159958341717
AKR1B1,2.1792291028165582
AKR1C3,1.5442807569933363
AKT1,1.783044202738552
ALCAM,2.1274755528705
ALDOB,0.25525404885565245
ALOX5,0.4410897411707486
ANGPT1,1.662534906085714
ANGPTL4,1.529370096680913
ANK1,1.3320871845926285
ANK3,1.4791861073605272
ANXA1,2.136632117713383
AOX1,1.7951037413218887
AP1G2,1.623681725761562
AP1S3,1.6284929677332964
APBB1IP,1.58560523141136
APOA5,0.25525404885565245
APOB,-0.1160359114953013
APOBEC3G,1.4922358840081456
APOBR,0.145058899596336
APOC3,0.36137076202537566
AQP3,1.7533316603015758
AQP5,2.144616251489189
AR,1.0260349202831176
ARG1,0.06267505805057727
ARG2,1.532014522557922
ARHGAP24,1.1506682677000117
ARHGAP31,1.6329891775262002
ARHGAP32,1.7544851405944475
ARHGDIB,1.5835171006607234
ARHGEF16,0.8609408640611753
ARHGEF4,1.0142928506427347
ARHGEF5,1.1465236088703543
ARHGEF6,1.7968982670844518
ARNTL,0.952212464045033
ASAH1,1.6567662189704018
ASS1,1.0485215609557714
ATF1,2.036172984513587
ATF2,1.4091112289794068
ATF3,1.1844183929004997
ATOH8,0.5433757924782513
ATP1A3,1.3560586585349914
ATP1B1,2.5250264568204006
ATP2B4,2.182164905063252
ATP6AP1,1.8618808961220903
ATP6V0A4,1.7506807211671411
ATP6V0D2,1.894950323993595
ATP6V0E1,3.0654720935298734
ATP8B1,1.818680027450765
AXIN2,1.5225805573338835
B3GNT3,1.1806125341199083
B3GNT7,1.0117526416953055
B4GALT4,1.328382073124928
BABAM2,-0.17042780751300027
BAD,1.7831969289438867
BAK1,2.291495937636456
BAMBI,1.5417920512080285
BATF3,1.300369286917494
BAX,1.7104746716040555
BCAR1,1.8303806007691044
BCHE,0.7301096084889256
BCL11A,0.8457912836571106
BCL2,1.3369518045640458
BCL2L1,1.9769889145132078
BCL2L11,1.5148392915560278
BCL6,1.1516840213087438
BECN1,1.797530451471256
BEND3,1.2948211490934245
BEX2,1.2236611802148278
BGLAP,-0.10432751512173627
BHLHE40,2.1864961713353357
BID,1.9450082247173885
BIRC3,1.9898842535186119
BIRC5,1.9620330694226935
BMI1,0.9110126859610073
BMP1,1.1959209531325916
BMP2,0.7623286239799943
BMP5,0.7468114276085961
BMP6,0.15619095655839327
BMPR1B,0.9609124700965544
BNIP3L,1.4008514042645817
BRCA1,1.566393632679717
BRD7,1.2909125851882164
BRIP1,1.7285266842038605
BRS3,0.1160359114953013
BTG1,1.6940550744002616
BTG2,0.7254066708606534
C3AR1,0.8366670128795821
CABIN1,1.2996539613286637
CACNA2D1,1.1783262088431845
CACNB4,0.8691678199282973
CACNG4,0.5069821181414069
CACNG6,0.701570909919091
CACNG7,1.3690783539331617
CACNG8,1.0686954254932393
CALCR,0.6277569867925603
CALD1,1.9338003019864345
CAMK1D,1.0079753284134183
CAMK2D,2.4010520081243287
CAMSAP3,1.7977690431605635
CARD11,1.9914895715776515
CASK,1.7199842362419264
CASP3,1.875384623471734
CAV1,3.133496303392233
CBL,2.293280612788737
CBLB,1.389477218329999
CBX5,1.987195199745593
CCK,0.11397409850978973
CCL2,-0.7815374536398167
CCL26,0.938880248676208
CCNA1,1.1772305101461231
CCNA2,1.4325597098132135
CCND1,2.066355805287026
CCND2,1.7185186056514634
CCND3,2.327378677826133
CCNE1,1.0583912523108556
CCR1,1.1450479406056775
CCR5,0.4215359212152954
CCR6,0.401763093458198
CD14,1.0207885961303418
CD177,0.9473716995079964
CD180,0.7138528935656947
CD1D,-0.43519491508557806
CD24,0.9369231160046492
CD274,1.8355463420454317
CD33,-0.22388852429457964
CD36,-0.10573038234436077
CD38,0.29251401873320826
CD3G,-0.3996795122917016
CD40,1.5991650275774068
CD40LG,0.011233589356018897
CD44,3.645131344297845
CD59,2.575141302257608
CD74,2.714384443001414
CD82,1.6110176866221186
CD83,1.4915367015407839
CD8A,1.1844344155633537
CDC25A,1.7795526325359432
CDC25C,1.5548800489216463
CDC34,1.7591126012725264
CDC6,1.8726915788295804
CDH1,0.9071488829729912
CDH11,1.6970778611211357
CDH19,1.6326454722066308
CDH2,0.7816422041979271
CDH3,0.49733607040016886
CDH4,2.0114951098345784
CDK1,1.5832107466226863
CDK20,1.0212703118129385
CDK4,1.853189506967171
CDK5R1,1.2773152691301919
CDK6,1.6865532997577828
CDKN1A,1.7779938143833518
CDKN1B,1.755138225994523
CDKN1C,1.6022450101944723
CDKN2B,-0.2783453962074497
CDON,1.5548816941110575
CDX2,0.2330004122511448
CEACAM1,1.211747248286925
CEBPA,0.07042954677844276
CELF2,1.2938013668741104
CELSR1,1.9640749407830058
CETP,0.8781103328618819
CFLAR,1.5311841123100018
CFTR,-0.17989065117194647
CGA,0.38290442484311993
CGN,1.296646456795024
CHEK1,1.8574861693161864
CHEK2,1.3348840567795428
CHGA,-0.14217725578912396
CHML,2.9475762158797143
CHPF,1.5782310883763029
CHRDL1,1.979577427380069
CHST11,1.788993821662534
CHST2,1.2017206422507545
CHST4,0.517279953084469
CIITA,1.2272888478757136
CITED2,1.7008499704851348
CLDN1,1.0857711541822874
CLDN2,1.1462166469519925
CLDN4,1.6630630810990163
CLEC4C,0.11177869751373819
CLIC5,1.7157395319364552
CLK3,1.4320111450115354
CLU,1.8862856167377795
CNTN1,1.2594537937120527
CNTNAP2,-0.09255425783430724
COL11A2,1.0507088015343387
COL12A1,2.6023099128103215
COL17A1,1.5452889532178835
COL1A1,1.2002025430138001
COL1A2,0.6269523457369293
COL27A1,1.6259292936590781
COL3A1,1.4112925471059197
COL4A3,1.0208956362172328
COL4A4,1.4430408906173986
COL4A5,2.044727708000763
COL4A6,1.6069934326588349
COL5A1,2.342753841890346
COL6A2,1.3433479288383374
COL6A3,2.233580386927749
COL8A1,1.8433276388472626
CPT1B,0.7223595516167075
CRABP2,1.3297738208006291
CRADD,1.6807353657113253
CRB3,0.7382760324394141
CREB3L1,2.6301312356859015
CREM,1.5699895930300252
CRH,-0.17298397379168118
CRY1,1.7840197272971698
CRY2,1.415492395680456
CSF1,2.0106078018251563
CSF3,1.5874768044407763
CSPG4,1.867251224001095
CTGF,1.9711962962350464
CTNNB1,2.0816052510180456
CTSC,1.830795182089524
CTSL,1.768719499451157
CTSS,1.0099142991454222
CXADR,0.7716544890355714
CXCL1,0.9584079709847968
CXCL12,0.320754769756035
CXCL16,0.7498527519369093
CXCL8,-0.5318885949376952
CXCR4,1.2550215826856366
CYB561,1.8133732487458893
CYBB,0.6915086626282575
CYFIP2,1.3526983773538037
CYLD,1.3821771734629702
CYP11A1,0.8877847996571677
CYP17A1,-0.19862476914237143
CYP19A1,0.07553865622824635
CYP1A1,0.6618975552429905
CYP27B1,0.37125218538781024
CYP2B6,0.07958956710600161
CYP2C18,0.6207350251674765
CYP2E1,0.8851429103699503
CYP7A1,-0.22277821467837083
CYP7B1,-0.28444188094570305
DAAM1,1.6125568872900804
DAB2,1.8687929609732112
DAB2IP,2.4387974548506293
DACH1,1.2007280458463907
DAG1,3.352105865737364
DCDC2,0.3393111581408419
DCN,-0.48050333850791205
DDAH1,2.038816681018012
DDIT3,1.2630773438798275
DENND1B,1.495633246404994
DENND2A,0.8784649206347385
DES,-0.6683892447792253
DKK1,2.268173310074121
DMBT1,2.4843341476247094
DMD,1.8148091934713575
DNAJC6,2.1362327195537407
DNM1,0.045587133028076154
DOCK2,1.2958838256505085
DPF3,1.1502352936224722
DPYSL2,2.7538237531097645
DPYSL3,1.6323730007312152
DR1,1.4884593924955811
DSCAM,0.7222017814233668
DSG2,1.883374595842419
DSG4,-0.21342871456332166
DYSF,2.1816193038843625
E2F1,1.4917385239091887
EAPP,1.516972706941242
EBNA1BP2,2.059074727508254
ECM1,1.874546830348993
EDN1,1.907064684582583
EDN2,0.9938223704585526
EDNRB,1.5186126190766798
EEF1A2,1.4480683548683198
EFEMP1,1.84907522912194
EFNA1,1.3691344991537806
EGFL7,1.34852522471934
EGFR,2.1355273979580196
EGR1,1.4589008631680789
EHF,2.0003045334484493
ELANE,0.21342871456332166
ELK1,1.4782993243406466
ENAH,2.3089774302565758
ENTPD3,1.6907254161834917
EP300,1.8333851410872977
EPB41L1,2.192212578204653
EPCAM,1.1984324600950924
EPHA10,1.0419908812393448
EPHA5,1.5620968704784313
EPHB2,1.9957087687038157
EPHX1,1.8777098179464522
EPN3,0.5546905404595291
EPO,-0.34703016142319776
EPOR,1.671233659676762
ERBB2,1.5392245026400986
ERBB3,2.6935380184589226
ERBB4,2.4602305182269353
EREG,1.8009348163492567
ERG,0.09566212650394798
ERO1A,0.1160359114953013
ERP44,1.516167989223189
ERVW-1,0.2504162605209163
ESR1,-0.08816773527079982
ETS1,2.0434389793577967
ETV1,1.8190446281930612
ETV4,1.8689138001083885
EYA3,1.6021698571610568
EZR,2.1006982300029735
F11R,2.4255683896073776
F2R,1.8962569282354609
F2RL1,2.1182836675006596
F2RL2,1.6504748795663944
F2RL3,1.638350867548275
FABP4,-0.035836857666250374
FABP5,0.721123186760239
FAP,-0.0006845513868100478
FAS,0.9583655111398763
FASLG,0.5301720725663635
FAXDC2,0.9986133660316012
FBLIM1,1.496547684875675
FBLN1,0.9666927015302664
FBN1,1.9639053032219131
FBXO2,2.1756408572810524
FBXO27,2.7036788759386114
FBXO44,2.2798109217018574
FBXO6,1.9294808410429067
FCER1A,0.12114165961628927
FCER2,-0.07958956710600161
FGD4,1.217864057200177
FGF19,0.264060417781362
FGF2,-0.16497535700396132
FGF20,1.3802902153302654
FGF5,1.8943830206449375
FGFR2,1.9360720916660294
FKBP5,1.5853870595271302
FLG,2.159154241653709
FLI1,0.9959559842988176
FLNB,3.3726718426299036
FLNC,2.542321478300719
FLT1,1.729536001101796
FMNL1,1.7307936204375516
FN1,3.5126066514132415
FOLR1,1.316741112619789
FOS,0.6265162165292264
FOSL1,1.9798676765477603
FOXA2,1.54646661084499
FOXC1,1.2611769046991799
FOXC2,-0.32844301766081163
FOXF1,0.2600978090855836
FOXF2,1.1355696859779134
FOXM1,2.0396935489110533
FOXO1,1.3139880593803355
FOXO3,1.3367967691264657
FOXO4,0.7809960816547874
FOXP2,0.9644132680013895
FOXP3,0.2582157728098083
FOXQ1,1.5036894574714732
FSHB,-0.1469083311198729
FST,2.006255606397046
FTH1,1.681674303065535
FTH1P18,-0.1436144058017681
FURIN,1.8635985307491876
FUT3,0.34165113603687275
FZD1,1.2452196044043993
FZD3,1.3040165629814395
FZD5,1.5352638086447776
FZD8,1.4441403501140702
GABARAPL1,1.9493029814795777
GABRE,1.7413490081304157
GAD1,1.2143997766990144
GADD45B,1.703596068287091
GAS8,1.795403623410998
GATA1,0.0513140362861326
GATA2,1.7132017799774137
GATA3,2.465844584768228
GATA4,-0.1186378132676913
GATA6,0.9838921782087335
GCKR,1.6733034452166697
GDF15,1.6685998877392083
GFI1,1.4102687096109054
GFI1B,0.6516375157773541
GFRA1,0.7132291961185346
GIPR,0.9121497306554895
GJA1,0.11397409850978973
GK,0.8783184350125205
GLCE,1.6617428818103004
GLI2,2.014708965947004
GLS2,0.890436162679423
GNA15,3.3945840094471698
GNRH1,0.9520729021128185
GP6,0.18025930366111326
GP9,0.11135126417449351
GPC1,2.1591557229772027
GPC6,1.6860654998210203
GPER1,1.167494893439428
GPR17,0.8517395763208857
GPR37,0.7841930038189431
GPR68,1.4914775625203185
GPRC5A,2.1997686340147764
GPSM3,1.4007108155060315
GPX1,2.0256059424581667
GRB14,0.973727371967073
GRB7,1.606222952649404
GRHL2,0.811090152988775
GRIK4,1.057601094518307
GRIN2A,1.5885992306970746
GRIP1,1.490742573359255
GSN,2.577704191125622
GSTM1,1.6521609713255905
GSTM2,1.5397530043698662
GSTM3,2.1622568343991517
GSTM4,1.9680851842609945
GSTP1,1.9822327975722533
GYPA,-0.20545139172676763
H2AFX,1.4314042495223882
HBE1,0.5508861808477931
HCAR1,1.4396637503322025
HDAC2,1.9838228339800803
HDAC8,1.9311529272383723
HECA,1.2279900660757201
HES2,1.5687231102273675
HES7,1.4550981760521595
HEY1,1.9694261149645107
HHIP,1.69303582078478
HIF1A,1.8280411208150493
HIP1,2.2035237079657555
HIP1R,2.364541352285886
HIPK2,1.6301515405690812
HKDC1,1.5551665507668855
HLA-A,2.5772537272838263
HLA-B,2.5638373755734767
HLA-C,2.062080877280972
HLA-DMA,2.3217943576595506
HLA-DMB,1.411590971718213
HLA-DOA,0.9090692442345811
HLA-DOB,0.8072090080210754
HLA-DPA1,2.257571511425499
HLA-DPB1,2.147772155449403
HLA-DRA,2.625065160745476
HLA-DRB1,2.413213593762544
HLA-DRB5,2.1391658568456124
HLA-E,2.0700747549481813
HLA-F,1.9242682346349318
HLA-G,2.1305586647731696
HMGA1,1.7413988308256196
HMGA2,1.8120601467298305
HMGB2,1.843109225126892
HMOX1,1.317395760587867
HNRNPA1,1.5018623106344968
HNRNPA2B1,2.424395293000591
HOXB1,0.2961696677949565
HPGD,0.9066795914619651
HPSE,1.4652597968478858
HRAS,1.430798439239632
HS3ST5,0.9466028988911342
HSD11B2,0.6044498664285075
HSD17B1,0.30750121515743595
HSD17B3,0.8918646113984081
HSD3B1,1.4915218381879143
HSD3B2,0.17042780751300027
HSPG2,2.2445174766006946
HTR1D,1.6155889308778946
HYAL1,0.4077180548217051
ICAM1,2.1795978937066223
ID1,1.8163415367569689
ID2,0.6636344513060348
IFI27,1.741751547304253
IFITM5,0.26009780908558355
IFNA1,0.03705572479263487
IFNAR2,2.170258416659162
IFNG,0.11397409850978973
IFNGR2,2.527134120134578
IFNLR1,1.7138961761323475
IFT27,0.8928303971924214
IFT43,1.537467646693322
IGF1R,1.4809395119575604
IGF2,0.0023759749647306004
IGF2BP1,-0.07815202581919001
IGF2R,2.5099235280476933
IGFBP1,1.7384835195971833
IGFBP3,1.6679736783183428
IGK,0.1436144058017681
IHH,-0.22732713728913945
IL10,-0.1343096154556411
IL11,1.430015429211793
IL12B,-0.10779227665468126
IL12RB2,-0.1142676769367877
IL1A,1.438613185173256
IL1B,1.7323727720852329
IL1RAP,2.4755107600789112
IL2,-0.3357409214049152
IL3,-0.08489664234687438
IL4,0.0560856923440593
IL5,-0.21264261423730627
IL6,1.6738392998712368
IL6R,1.7464223019906937
INHBA,0.9864734007707867
INHBB,0.8943446835562806
INSR,1.7004603225711363
IPO7,2.1646785815537832
IRF5,0.7840764574683088
IRF7,0.7675089877565856
IRS1,2.517781164439315
ITGA2,3.969048958636037
ITGA5,2.095257195081115
ITGA6,3.984446702452774
ITGB1,1.967157320198112
ITGB3,3.702303430872532
ITGB8,3.525469918593749
ITGBL1,2.574458280796537
ITSN1,2.744473956988145
JAG1,2.1392915671045722
JAK1,3.2725381969963174
JDP2,1.017287699451751
JUN,2.8103341153180543
JUNB,1.2823973059453924
JUP,2.8241076683752953
KDR,2.4361664757717962
KIAA0319,1.5639684220216297
KIF3A,2.9561301158719946
KISS1,1.3114987577260215
KISS1R,-0.021774521595908057
KITLG,1.9275460157049376
KL,1.47104928841
KLF13,1.4520271619025105
KLF2,1.3471362952633696
KLK3,-0.18683995380364915
KRAS,1.7799972473343735
KREMEN1,1.4555619610338344
KRT14,0.5543995770299139
KRT15,1.2055999309599263
KRT16,0.9247411004579883
KRT17,0.7477637475440388
KRT18,2.288783854333589
KRT19,2.401349011528721
KRT32,0.5808646848128522
KRT33B,0.6039054553241724
KRT34,1.3812213324237428
KRT8,3.1053774115926767
KRT81,2.222058076445392
KRT86,1.934272326975052
KRT9,2.821564011916359
L1CAM,3.6545837909633874
LAMA1,2.2743783667930604
LAMA3,3.079233316359361
LAMA5,3.4104693272478697
LAMB2,3.616886542705691
LAMC2,3.381830020662578
LBP,-0.19466516620338187
LCP1,1.301102506620841
LDHA,2.4643393093872956
LDLR,1.735118069476656
LEF1,2.1342871456332153
LGALS3,1.8321815494879456
LHB,0.37572358160889535
LHCGR,-0.4950487861762445
LHX6,1.0376456612146228
LIF,2.1817849754260554
LIFR,2.1157853515939635
LIMA1,2.1223809704877237
LIPA,1.9716544971584293
LIPE,1.1358181988743503
LITAF,1.973754643026932
LMO2,1.0871465780422802
LMTK2,1.7798001076813859
LNPEP,2.8166867618276723
LOR,0.11397409850978972
LOX,1.3472929029753562
LOXL1,1.7380049310638808
LPAR1,1.8543977043045858
LPAR2,0.8526895334873458
LPAR4,0.6407429071611017
LPAR5,0.9976297963251749
LRIG1,1.409119562713923
LRP1,1.705869933096485
LRP4,1.4770827902469035
LRP5,2.5597609039423284
LTBP3,1.5065048405643688
LUM,2.9416425453013737
MADD,2.304842258677847
MAGEC2,1.4449471357400874
MAGED1,2.280123818261633
MAGEH1,1.070662776196944
MALT1,2.5131121249852084
MAML3,2.0971443882139402
MAP1LC3B,1.9063883434467257
MAPK13,2.968122394935949
MAPK4,1.563060157280912
MAPK7,1.5780325603203802
MAPK8,1.8550295232242395
MARCKSL1,2.2568686364015367
MAT2A,2.118986349346985
MCF2L,0.7720219910019875
MDK,2.4893546043253214
MDM2,1.371668042784804
MECOM,1.7829964151937865
MEF2C,1.4158756229646654
MEF2D,1.7736967087513984
MEOX2,-0.2965267485550287
MET,1.9389747300145828
MFN2,2.0543179597501493
MFSD2A,1.6376379311660256
MGP,0.7100338982602639
MGST1,2.1705279750593753
MIR708,-0.11135126417449351
MITF,1.685168153715439
MKI67,2.3759515784829786
MMD,1.4514198400501888
MME,0.7880284859965858
MMP1,1.2052263844362
MMP12,1.772062491297719
MMP13,-0.12461616395881957
MMP14,2.415987854290978
MMP15,1.2175717084917366
MMP2,0.38219086867799984
MMP3,1.2237528522372434
MMP7,-0.00327171165570031
MMP8,0.36490250450096307
MMP9,-0.4653790834785332
MPL,0.5110640707242474
MPP1,2.4327644202612655
MRC2,1.6456505751210584
MS4A2,-0.24538637495193893
MSN,3.764414990937709
MSR1,0.48648933079537526
MST1,0.6384936824729839
MST1R,2.307412247411402
MT1A,0.9174577073286708
MT1E,1.2211637501837864
MT1F,0.5009463281289366
MTM1,1.4845231726276267
MTTP,0.46254261357889365
MUC1,0.9719848728887496
MUC2,0.29218906843954384
MUC4,0.5851175089777366
MUC5AC,0.26009780908558355
MUSK,1.8342844085360706
MYB,0.8456333722881249
MYBL1,1.6406996993716856
MYBL2,1.7722547266577235
MYC,2.7248917628717226
MYCBP,0.2860453180669396
MYCL,1.2565186626469054
MYCT1,1.4501025540472339
MYLK,1.0709778896958968
MYO7A,2.508084416452997
NAB2,1.4167656407006652
NAMPT,2.156073763504043
NANOG,0.2961696677949565
NAT1,1.2736774542372302
NCAM1,0.44952453370538836
NCEH1,2.4571250830219613
NCK2,2.5068708355686278
NDRG1,1.5796380410702022
NEAT1,1.911285203604598
NEDD4L,2.722824264431202
NEDD9,1.592070665966998
NEFL,0.1139740985097897
NEIL1,1.173556799132911
NEK6,1.7788259927484795
NEK7,2.05813329431745
NELL2,1.5791453125241002
NFAT5,1.8112205148186356
NFATC1,1.591299470202199
NFATC4,1.3315850186662979
NFE2,0.36792982513570915
NFKB1,1.1973813591766675
NGF,1.570936544746286
NGFR,2.8089915881571415
NID2,1.616022348994894
NKX2-1,-0.582177397133611
NKX3-1,1.3639812473805997
NLRP3,2.0405325688050673
NMB,1.4825307432642538
NNMT,1.1073280233380074
NOG,1.631098401108436
NOL7,1.8594945761579091
NOS2,-0.10779272438533606
NOS3,0.46060285796692557
NOTCH2,2.88667235129449
NOTUM,0.29248355690217737
NOX1,-0.26370087558210575
NOX3,0.971959352747044
NOX5,1.2063701365199042
NPPB,1.4899215599550992
NPY1R,1.3584301885475902
NR1D1,1.8768695206581176
NR2F1,1.338802731889497
NR3C1,2.6497592632305738
NR3C2,1.3338559227394164
NR4A1,1.1807584865403404
NR5A2,0.5068798447907198
NRAS,1.7675708230428364
NRCAM,1.6325215996033202
NRG2,1.2928330529052283
NRK,1.3229592585771976
NRXN1,0.12403616298477521
NRXN3,1.123924147200829
NT5E,2.2602474164467545
NTF3,1.2335404214722432
NTRK2,1.6823737193380177
NUP210,2.4421695234969456
OCA2,-0.1530993200049065
OCLN,1.4491738983432438
ODC1,1.9780004552692245
OLR1,0.8786701649103671
OTC,-0.1112739857125756
P2RY6,0.9606644947019436
PAEP,0.14002283902737991
PAG1,2.320699180901251
PAK2,3.825048633690705
PAK6,2.793841846581802
PARD6A,2.525412462142175
PAX6,-0.5243636221024566
PBX1,1.4509291267744957
PBX3,1.5765802518014433
PC,1.7313730122728332
PCDH1,2.146738787399149
PCDH7,1.978110959140598
PCDH9,2.379407158399339
PCK2,1.7629189025419054
PCSK1,-0.004709545577324448
PCSK2,0.07958956710600161
PCSK9,1.64913531254527
PDE10A,1.143229330782147
PDE3A,0.5866802155521521
PDE3B,0.7029082804825799
PDE5A,1.0394926336670007
PDGFA,2.724112764847754
PDGFB,2.713716789387316
PDGFC,1.8040044205961812
PDGFD,2.5473438034401568
PDGFRA,0.4671528060325591
PDK2,1.3348002634733491
PDLIM5,2.5223728677620434
PDLIM7,1.4740809116776235
PECAM1,1.332411763358619
PER1,1.4637324242787169
PER2,1.499742601913313
PER3,1.5889862580744736
PF4,0.07440345735459443
PFN2,1.9887258512262793
PGC,1.0479392692354847
PGF,1.5835976914027876
PGR,-0.48050398220083934
PHLDA1,2.0931918304478843
PIK3AP1,1.469439983823451
PIM1,1.8193731684684624
PIP4K2C,1.9286677152109761
PITX2,1.0964598850912897
PKIG,1.5274089720213897
PKP3,2.2764625733596366
PLA2G4A,2.41542564213279
PLA2G4D,1.8198772773346463
PLA2G6,1.714977129363039
PLAT,2.590457619837362
PLAU,2.895752461936711
PLAUR,1.8048074334237192
PLCD4,1.7407906956926182
PLCE1,1.9132802798267898
PLCG1,4.391820707425708
PLCL1,2.268374296262106
PLD1,1.7896359307611867
PLEKHA7,1.7975175600509061
PLIN2,1.8232473988308733
PLXNA1,2.41797917379872
PLXNA4,1.2551618071288264
PLXNC1,1.8098741134593939
PMAIP1,1.839126246825367
POR,1.7271292007955092
PORCN,1.561173375317799
POU1F1,0.5406434327779116
POU2F1,1.5948246173566927
POU2F2,1.7081312877117645
POU3F2,1.1462322625732237
POU5F1,0.8302549521833097
PPARD,1.8727215133167456
PPARG,1.812538880299421
PPARGC1A,1.614368352727516
PPFIA2,1.9034844974132106
PPFIBP2,1.0774281470115066
PPM1F,1.7959417925760914
PPP2R2B,0.05593967504121381
PPP2R2C,1.6968904753843976
PPP2R3A,1.4809483921569115
PPP3CC,1.9634460514342713
PRDX3,2.0957245515749046
PRF1,0.33692440525713097
PRG2,1.0518423460326771
PRICKLE1,1.8267828461712052
PRKCG,3.2468838030935117
PRKCH,1.43719416108997
PRKG1,1.9889333700933922
PRL,0.2741149712728224
PRNP,3.398502731042089
PRODH,-0.5101435825127795
PROX1,0.6822484556049426
PRSS3,1.559101573712037
PSAP,2.4285372721201757
PSG1,1.4066146874917287
PSG7,0.5854344737261669
PSMC5,1.9824539786336213
PTBP1,2.1450333671031774
PTCH2,1.0514100477814559
PTEN,1.6979336149764845
PTGER2,0.6624701260625065
PTGES,1.8707878669311928
PTGS2,2.0918187524849694
PTHLH,1.2106868295988962
PTK2B,2.5899448057389143
PTN,2.224000138913988
PTPN22,1.5222055655940565
PTPN3,1.8093262720321155
PTPN6,2.4310441579936586
PTPRB,1.3431589879598684
PTPRR,1.100999923813122
PTPRS,2.8058723123440794
PVR,2.4607769098327794
RAB27A,2.481340476654997
RAB3A,2.711848178984993
RAB9B,1.499628874833584
RAC3,2.7308738096839074
RAMP1,1.719343705792081
RAP1GAP,0.3934910497780003
RAP1GAP2,1.641865466888655
RAPGEF3,1.1525969507911056
RARA,1.2909848345297728
RARB,1.2883434336668382
RARG,1.315739587602863
RASGRF2,1.3240532147610828
RASGRP1,1.4795929550062357
RASGRP2,1.2353545582704204
RB1,2.2067157472005188
RBL2,1.5540753753016883
RELA,1.3773936413294192
REN,0.10128163397830252
REPS2,2.1357200488170127
REST,1.6202584493864507
RETN,0.11603591149530128
RETNLB,0.42941431961078264
RFTN1,1.6999343091488845
RGMB,2.492540173015091
RGS4,2.2401678462427332
RGS5,2.4723082537581003
RHOB,2.866114621930871
RHOBTB3,2.847640204645105
RHOD,2.2869835584959057
RHOJ,2.3253130354771154
RHOU,2.2716722542156194
RHPN2,2.9995556042015026
RIMS1,2.261153772171272
RIMS2,1.45859655427883
RIN1,1.317488152587877
RIN3,1.3436696712510523
RIPK2,1.9654501664355948
RNF115,2.5472778077121134
RNF128,1.4602993093853192
RNF41,1.9606985037334326
RNF7,1.407151492226671
ROBO1,2.1979105894469884
ROBO3,2.1314986045755173
RPS6KA2,1.0789379016969942
RPS6KA3,1.9201794841456372
RPS6KA5,1.948188492444515
RSPO2,0.1144683615004736
RUNX1,0.7871425888558021
RYR3,1.555000135963466
S100A4,2.033076005864512
S1PR1,1.0643257221745621
S1PR2,1.2347102863093207
SAA1,0.49170377824515576
SALL2,1.339138773886882
SARM1,1.3704800118440175
SAT1,1.7593590754182205
SATB1,1.392014593744532
SCARB2,2.4957792880382756
SCN5A,2.085037615950501
SCNN1A,1.7956681774434817
SDC2,3.02661388512036
SDC3,2.874499343202978
SEMA3A,2.4251645805583912
SEMA3C,1.7334232811700017
SEMA4D,1.3914495720854065
SEMA7A,1.61984350283077
SEMG1,2.0402697908814504
SEPT7,1.8451033502295175
SERPINB5,0.5373096518476576
SERPINC1,0.17820424842204094
SERPINE1,2.927367240841171
SFRP1,1.0685859982137376
SGK1,2.4665255276557683
SH3KBP1,2.7710222158144795
SHANK2,1.0142073165203587
SHC3,2.9488919712491866
SIGIRR,0.9144654251311412
SIM2,0.7125212242923974
SIPA1L1,3.0079455249945886
SIRT1,1.3856324231265447
SIX1,1.3399521137360497
SKAP1,1.1356903200589774
SLC1A4,1.1594890121645829
SLC20A1,2.2632593115778645
SLC27A1,1.6388262881989815
SLC2A3,1.8619209371010093
SLC2A4,0.47537098834085517
SLC40A1,1.6031992723630464
SLC4A2,1.9707934284719415
SLC5A5,-0.10573043808296625
SLC7A11,2.200732126113264
SLC9A1,1.3587418377735871
SLC9A3,0.07958956710600161
SLC9A3R1,2.7988699370818892
SLC9A3R2,2.0708954621270284
SMAD3,2.8118364231873296
SMAD6,1.7321302056972985
SMAD7,1.7604108564750696
SMN1,-0.1139740985097897
SMPD1,2.5640117210606452
SMPD3,1.0538122347463226
SNAI2,1.8923319177083673
SOCS1,1.0850195252364983
SOCS2,1.7236474862966167
SOCS3,2.343318819553364
SOD1,1.8937566585472818
SOST,0.4894718337889141
SOX13,1.9388055954133234
SOX14,0.1578355875342281
SOX4,1.5571986632528816
SOX7,0.6390516303339027
SP1,1.5685602323531684
SP140,1.1974878069024766
SPAG9,2.402301698921136
SPARC,1.1722616723297732
SPDEF,1.3327590393710125
SPHK1,1.5031094599454915
SPI1,-0.09883161030743359
SPINK4,1.0373615547775994
SPINT1,1.2472320803848613
SPRR1B,0.5963309576550391
SPRY1,2.3634036323401295
SPTB,2.647360769976597
SPTBN5,2.738820339988105
SQSTM1,2.533080111011915
SRF,1.5568559770469768
SRGAP2,2.726571458703596
SRPX,1.6126311942089735
SRSF1,2.1376831841767285
SSH3,1.9025093893200866
SSTR1,1.3865552891411383
SSTR2,1.605807711861549
ST14,1.078371239717212
ST3GAL1,1.6940195685477726
ST3GAL3,1.5406341738678193
ST3GAL4,1.7225182862809343
STAM,2.965704975103304
STARD7,2.096606482021489
STAT1,1.526176959980681
STAT4,2.1308970398202858
STEAP3,2.036636419686828
STIM1,1.7967549371971272
STMN1,2.3439786700323526
SULT1E1,0.27836101388413126
SULT2A1,0.18593814431728217
SURF1,1.5012798463825041
SURF2,1.4158707069924985
SYN1,0.23130618144070275
SYNJ1,3.5361911535995367
SYNJ2,3.7596377385315227
SYT12,1.3039812362068022
SYT2,2.290458159770809
TAC3,1.2896098247844905
TAF4B,1.746926161950543
TAP1,2.9221302688028516
TAS2R1,0.6788118837256942
TCF4,0.8658340678629288
TCF7,1.7441679020746674
TCF7L2,2.5067284417198206
TCN1,1.6560253135372052
TEK,0.011234027553557919
TERT,0.8957772151209171
TET2,1.8035564264006136
TFAP2C,2.007289817298758
TFAP4,1.3156978527482375
TFPI2,1.8518076291018561
TFRC,2.2646023984161125
TG,0.12233707912726254
TGFA,3.5348120884350807
TGFB1,1.7060575469185666
TGFB2,1.3944215995187914
TGFB3,2.091317652098589
TGFBR1,1.50672750338016
TGFBR2,2.140891800209539
TGFBR3,2.2864395792249677
TGM2,2.606654461677494
TH,0.43535996199907273
THBD,1.7685114282527976
THBS2,1.605091210607366
THOC6,2.313830343074929
THRB,1.5321648145908249
TIMP2,2.270351512324243
TJP1,1.8203601663371545
TJP3,1.5751508728633365
TK1,1.9655018662839778
TLE1,2.1547239449878886
TLE3,1.924018311005569
TLE4,1.134496680537629
TLR1,1.0614902796664984
TLR4,2.237893470188856
TLR6,1.9912630186687128
TMPO,2.124777143639491
TMPRSS2,0.5999257464424531
TNC,2.149003711033502
TNF,0.11562041620838999
TNFAIP3,2.092861494607868
TNFRSF10B,1.7612067218787337
TNFRSF11B,2.0215927332790873
TNFRSF1A,2.721518456397248
TNFRSF1B,1.4058289039893554
TNFSF10,1.0968606703301809
TNFSF11,-0.646288294684553
TNIK,2.0251857501335047
TNIP1,2.3182805591008804
TNS4,1.156533360519555
TOX2,1.4707339626221412
TP53,1.8092248258026296
TP73,1.2821829866023462
TPO,-0.208692447034
TRIM16,1.5471472122725982
TRPC3,1.0083223023290773
TSC1,1.5758379703080183
TSC2,1.5380588567500755
TSC22D3,2.4011661914202955
TSHR,-0.11603591149530132
TSTD1,1.11391464738693
TWIST1,-0.13817460159838113
TXNIP,1.810082919109073
TXNRD1,2.369262279356267
UBE2C,1.9474298261225085
UBE2D3,1.7149202761774789
UBE2S,1.6133052641041294
UCN,0.5803437273820806
UGT1A1,0.2094818630734568
UGT1A9,0.2986748209252215
UGT2B15,0.11397409850978972
UHRF1,1.612027455804746
UNC13B,3.0022542426805297
USP18,1.2202690743533258
USP33,2.1103842676250175
VCAM1,0.10946717280627387
VCP,2.4242957447686213
VDR,1.3151690011325043
VEGFA,3.058073552075376
VEGFC,2.0495091492729447
VIM,2.3445409004876447
VIPR1,1.5451504515430523
VLDLR,2.6279778304238923
VTN,2.8377563207956342
WASF2,1.9698310090678086
WASF3,2.3504391272115397
WEE1,1.42972000731715
WNT2B,1.0626241163902326
WNT3A,0.11446867784246345
WNT4,-0.17488437246421734
WNT7B,1.3704298866111233
WNT8B,0.5384319238093763
WRN,1.509200949086144
WT1,0.9924581213083357
XIAP,1.6402414662328986
XPA,1.044978676546773
XPO1,2.1626599795975237
ZEB1,1.7962234889044322
ZEB2,1.4526784580927785
ZHX2,1.4589003598384587
ZMIZ1,1.9737138868455792
ZNF148,0.6783803559930958
ZNF175,2.3382409952002545
ZNF395,1.9383401866392358
ZNF703,1.4415963674251395
ZNF827,1.7077414173030516
ZSCAN31,1.1636287928168694
